<?xml version="1.0" encoding="UTF-8"?>
<config xmlns="http://www.knime.org/2008/09/XMLConfig" xmlns:xsi="http://www.w3.org/2001/XMLSchema-instance" xsi:schemaLocation="http://www.knime.org/2008/09/XMLConfig http://www.knime.org/XMLConfig_2008_09.xsd" key="model.xml">
    <entry key="version" type="xint" value="1"/>
    <entry key="class_name" type="xstring" value="org.knime.base.data.normalize.NormalizerPortObject"/>
    <config key="model">
        <config key="columns">
            <config key="Account Length">
                <entry key="column_name" type="xstring" value="Account Length"/>
                <entry key="column_scale" type="xdouble" value="0.027553765264706143"/>
                <entry key="column_translate" type="xdouble" value="-2.805065449665966"/>
                <entry key="column_min" type="xdouble" value="NaN"/>
                <entry key="column_max" type="xdouble" value="NaN"/>
            </config>
            <config key="Area Code">
                <entry key="column_name" type="xstring" value="Area Code"/>
                <entry key="column_scale" type="xdouble" value="0.025020048415425686"/>
                <entry key="column_translate" type="xdouble" value="-10.882906156906179"/>
                <entry key="column_min" type="xdouble" value="NaN"/>
                <entry key="column_max" type="xdouble" value="NaN"/>
            </config>
            <config key="Num of Voice mail Messages">
                <entry key="column_name" type="xstring" value="Num of Voice mail Messages"/>
                <entry key="column_scale" type="xdouble" value="0.08102403386549506"/>
                <entry key="column_translate" type="xdouble" value="-0.6749976930481472"/>
                <entry key="column_min" type="xdouble" value="NaN"/>
                <entry key="column_max" type="xdouble" value="NaN"/>
            </config>
            <config key="Total Day Minutes">
                <entry key="column_name" type="xstring" value="Total Day Minutes"/>
                <entry key="column_scale" type="xdouble" value="0.019023048996962038"/>
                <entry key="column_translate" type="xdouble" value="-3.5287058853944933"/>
                <entry key="column_min" type="xdouble" value="NaN"/>
                <entry key="column_max" type="xdouble" value="NaN"/>
            </config>
            <config key="Total Day Calls">
                <entry key="column_name" type="xstring" value="Total Day Calls"/>
                <entry key="column_scale" type="xdouble" value="0.05758025439580346"/>
                <entry key="column_translate" type="xdouble" value="-5.822342640680592"/>
                <entry key="column_min" type="xdouble" value="NaN"/>
                <entry key="column_max" type="xdouble" value="NaN"/>
            </config>
            <config key="Total day Charge">
                <entry key="column_name" type="xstring" value="Total day Charge"/>
                <entry key="column_scale" type="xdouble" value="0.11189867420394693"/>
                <entry key="column_translate" type="xdouble" value="-3.528740557667111"/>
                <entry key="column_min" type="xdouble" value="NaN"/>
                <entry key="column_max" type="xdouble" value="NaN"/>
            </config>
            <config key="Total Eve Minutes">
                <entry key="column_name" type="xstring" value="Total Eve Minutes"/>
                <entry key="column_scale" type="xdouble" value="0.02161797310706649"/>
                <entry key="column_translate" type="xdouble" value="-4.340647466282941"/>
                <entry key="column_min" type="xdouble" value="NaN"/>
                <entry key="column_max" type="xdouble" value="NaN"/>
            </config>
            <config key="Total Eve Calls">
                <entry key="column_name" type="xstring" value="Total Eve Calls"/>
                <entry key="column_scale" type="xdouble" value="0.059147979231002075"/>
                <entry key="column_translate" type="xdouble" value="-5.911067267635815"/>
                <entry key="column_min" type="xdouble" value="NaN"/>
                <entry key="column_max" type="xdouble" value="NaN"/>
            </config>
            <config key="Total Eve Charge">
                <entry key="column_name" type="xstring" value="Total Eve Charge"/>
                <entry key="column_scale" type="xdouble" value="0.25433176218548526"/>
                <entry key="column_translate" type="xdouble" value="-4.340757390716158"/>
                <entry key="column_min" type="xdouble" value="NaN"/>
                <entry key="column_max" type="xdouble" value="NaN"/>
            </config>
            <config key="Total Night Minutes">
                <entry key="column_name" type="xstring" value="Total Night Minutes"/>
                <entry key="column_scale" type="xdouble" value="0.021405337335107594"/>
                <entry key="column_translate" type="xdouble" value="-4.36586916553902"/>
                <entry key="column_min" type="xdouble" value="NaN"/>
                <entry key="column_max" type="xdouble" value="NaN"/>
            </config>
            <config key="Total Night Calls">
                <entry key="column_name" type="xstring" value="Total Night Calls"/>
                <entry key="column_scale" type="xdouble" value="0.05845031122595609"/>
                <entry key="column_translate" type="xdouble" value="-5.805953132841083"/>
                <entry key="column_min" type="xdouble" value="NaN"/>
                <entry key="column_max" type="xdouble" value="NaN"/>
            </config>
            <config key="Total Night Charge">
                <entry key="column_name" type="xstring" value="Total Night Charge"/>
                <entry key="column_scale" type="xdouble" value="0.47568382588715874"/>
                <entry key="column_translate" type="xdouble" value="-4.3659748032652015"/>
                <entry key="column_min" type="xdouble" value="NaN"/>
                <entry key="column_max" type="xdouble" value="NaN"/>
            </config>
            <config key="Total International Minutes">
                <entry key="column_name" type="xstring" value="Total International Minutes"/>
                <entry key="column_scale" type="xdouble" value="0.4451452846048679"/>
                <entry key="column_translate" type="xdouble" value="-4.57872725061599"/>
                <entry key="column_min" type="xdouble" value="NaN"/>
                <entry key="column_max" type="xdouble" value="NaN"/>
            </config>
            <config key="Total Intl  Calls">
                <entry key="column_name" type="xstring" value="Total Intl  Calls"/>
                <entry key="column_scale" type="xdouble" value="0.49051070072587977"/>
                <entry key="column_translate" type="xdouble" value="-2.1404095494132562"/>
                <entry key="column_min" type="xdouble" value="NaN"/>
                <entry key="column_max" type="xdouble" value="NaN"/>
            </config>
            <config key="Total Intl Charge">
                <entry key="column_name" type="xstring" value="Total Intl Charge"/>
                <entry key="column_scale" type="xdouble" value="1.648814817814898"/>
                <entry key="column_translate" type="xdouble" value="-4.579918399451809"/>
                <entry key="column_min" type="xdouble" value="NaN"/>
                <entry key="column_max" type="xdouble" value="NaN"/>
            </config>
            <config key="Number Customer Service calls">
                <entry key="column_name" type="xstring" value="Number Customer Service calls"/>
                <entry key="column_scale" type="xdouble" value="0.886029763848934"/>
                <entry key="column_translate" type="xdouble" value="-1.389854817765673"/>
                <entry key="column_min" type="xdouble" value="NaN"/>
                <entry key="column_max" type="xdouble" value="NaN"/>
            </config>
            <config key="KS_State">
                <entry key="column_name" type="xstring" value="KS_State"/>
                <entry key="column_scale" type="xdouble" value="7.135431306162715"/>
                <entry key="column_translate" type="xdouble" value="-0.1430059357610111"/>
                <entry key="column_min" type="xdouble" value="NaN"/>
                <entry key="column_max" type="xdouble" value="NaN"/>
            </config>
            <config key="OH_State">
                <entry key="column_name" type="xstring" value="OH_State"/>
                <entry key="column_scale" type="xdouble" value="6.629918997401721"/>
                <entry key="column_translate" type="xdouble" value="-0.15442186331448032"/>
                <entry key="column_min" type="xdouble" value="NaN"/>
                <entry key="column_max" type="xdouble" value="NaN"/>
            </config>
            <config key="NJ_State">
                <entry key="column_name" type="xstring" value="NJ_State"/>
                <entry key="column_scale" type="xdouble" value="6.730650806619596"/>
                <entry key="column_translate" type="xdouble" value="-0.15200053071615927"/>
                <entry key="column_min" type="xdouble" value="NaN"/>
                <entry key="column_max" type="xdouble" value="NaN"/>
            </config>
            <config key="OK_State">
                <entry key="column_name" type="xstring" value="OK_State"/>
                <entry key="column_scale" type="xdouble" value="7.470661567464201"/>
                <entry key="column_translate" type="xdouble" value="-0.13633957360622048"/>
                <entry key="column_min" type="xdouble" value="NaN"/>
                <entry key="column_max" type="xdouble" value="NaN"/>
            </config>
            <config key="AL_State">
                <entry key="column_name" type="xstring" value="AL_State"/>
                <entry key="column_scale" type="xdouble" value="6.313455563558177"/>
                <entry key="column_translate" type="xdouble" value="-0.16257148076162437"/>
                <entry key="column_min" type="xdouble" value="NaN"/>
                <entry key="column_max" type="xdouble" value="NaN"/>
            </config>
            <config key="MA_State">
                <entry key="column_name" type="xstring" value="MA_State"/>
                <entry key="column_scale" type="xdouble" value="7.056864869846509"/>
                <entry key="column_translate" type="xdouble" value="-0.14466572983185386"/>
                <entry key="column_min" type="xdouble" value="NaN"/>
                <entry key="column_max" type="xdouble" value="NaN"/>
            </config>
            <config key="MO_State">
                <entry key="column_name" type="xstring" value="MO_State"/>
                <entry key="column_scale" type="xdouble" value="7.372257247853013"/>
                <entry key="column_translate" type="xdouble" value="-0.138229823397244"/>
                <entry key="column_min" type="xdouble" value="NaN"/>
                <entry key="column_max" type="xdouble" value="NaN"/>
            </config>
            <config key="LA_State">
                <entry key="column_name" type="xstring" value="LA_State"/>
                <entry key="column_scale" type="xdouble" value="7.9695428759597835"/>
                <entry key="column_translate" type="xdouble" value="-0.12751268601535531"/>
                <entry key="column_min" type="xdouble" value="NaN"/>
                <entry key="column_max" type="xdouble" value="NaN"/>
            </config>
            <config key="WV_State">
                <entry key="column_name" type="xstring" value="WV_State"/>
                <entry key="column_scale" type="xdouble" value="5.692461968159666"/>
                <entry key="column_translate" type="xdouble" value="-0.18144722523508916"/>
                <entry key="column_min" type="xdouble" value="NaN"/>
                <entry key="column_max" type="xdouble" value="NaN"/>
            </config>
            <config key="IN_State">
                <entry key="column_name" type="xstring" value="IN_State"/>
                <entry key="column_scale" type="xdouble" value="7.12094561220312"/>
                <entry key="column_translate" type="xdouble" value="-0.14330903044558552"/>
                <entry key="column_min" type="xdouble" value="NaN"/>
                <entry key="column_max" type="xdouble" value="NaN"/>
            </config>
            <config key="RI_State">
                <entry key="column_name" type="xstring" value="RI_State"/>
                <entry key="column_scale" type="xdouble" value="7.157331336368409"/>
                <entry key="column_translate" type="xdouble" value="-0.1425501824493375"/>
                <entry key="column_min" type="xdouble" value="NaN"/>
                <entry key="column_max" type="xdouble" value="NaN"/>
            </config>
            <config key="IA_State">
                <entry key="column_name" type="xstring" value="IA_State"/>
                <entry key="column_scale" type="xdouble" value="8.548865248704479"/>
                <entry key="column_translate" type="xdouble" value="-0.11861550532577457"/>
                <entry key="column_min" type="xdouble" value="NaN"/>
                <entry key="column_max" type="xdouble" value="NaN"/>
            </config>
            <config key="MT_State">
                <entry key="column_name" type="xstring" value="MT_State"/>
                <entry key="column_scale" type="xdouble" value="7.120945612203103"/>
                <entry key="column_translate" type="xdouble" value="-0.14330903044558635"/>
                <entry key="column_min" type="xdouble" value="NaN"/>
                <entry key="column_max" type="xdouble" value="NaN"/>
            </config>
            <config key="NY_State">
                <entry key="column_name" type="xstring" value="NY_State"/>
                <entry key="column_scale" type="xdouble" value="6.700532665973843"/>
                <entry key="column_translate" type="xdouble" value="-0.1527163070119863"/>
                <entry key="column_min" type="xdouble" value="NaN"/>
                <entry key="column_max" type="xdouble" value="NaN"/>
            </config>
            <config key="ID_State">
                <entry key="column_name" type="xstring" value="ID_State"/>
                <entry key="column_scale" type="xdouble" value="6.6590600461031455"/>
                <entry key="column_translate" type="xdouble" value="-0.15371330273088007"/>
                <entry key="column_min" type="xdouble" value="NaN"/>
                <entry key="column_max" type="xdouble" value="NaN"/>
            </config>
            <config key="VT_State">
                <entry key="column_name" type="xstring" value="VT_State"/>
                <entry key="column_scale" type="xdouble" value="7.099386202077653"/>
                <entry key="column_translate" type="xdouble" value="-0.14376257059207304"/>
                <entry key="column_min" type="xdouble" value="NaN"/>
                <entry key="column_max" type="xdouble" value="NaN"/>
            </config>
            <config key="VA_State">
                <entry key="column_name" type="xstring" value="VA_State"/>
                <entry key="column_scale" type="xdouble" value="6.584104542799116"/>
                <entry key="column_translate" type="xdouble" value="-0.15554946982362874"/>
                <entry key="column_min" type="xdouble" value="NaN"/>
                <entry key="column_max" type="xdouble" value="NaN"/>
            </config>
            <config key="TX_State">
                <entry key="column_name" type="xstring" value="TX_State"/>
                <entry key="column_scale" type="xdouble" value="6.7185533078690485"/>
                <entry key="column_translate" type="xdouble" value="-0.15228720831169848"/>
                <entry key="column_min" type="xdouble" value="NaN"/>
                <entry key="column_max" type="xdouble" value="NaN"/>
            </config>
            <config key="FL_State">
                <entry key="column_name" type="xstring" value="FL_State"/>
                <entry key="column_scale" type="xdouble" value="7.512873816320858"/>
                <entry key="column_translate" type="xdouble" value="-0.13554476510279018"/>
                <entry key="column_min" type="xdouble" value="NaN"/>
                <entry key="column_max" type="xdouble" value="NaN"/>
            </config>
            <config key="CO_State">
                <entry key="column_name" type="xstring" value="CO_State"/>
                <entry key="column_scale" type="xdouble" value="7.372257247852985"/>
                <entry key="column_translate" type="xdouble" value="-0.13822982339724305"/>
                <entry key="column_min" type="xdouble" value="NaN"/>
                <entry key="column_max" type="xdouble" value="NaN"/>
            </config>
            <config key="AZ_State">
                <entry key="column_name" type="xstring" value="AZ_State"/>
                <entry key="column_scale" type="xdouble" value="7.792047095637329"/>
                <entry key="column_translate" type="xdouble" value="-0.13051678885192525"/>
                <entry key="column_min" type="xdouble" value="NaN"/>
                <entry key="column_max" type="xdouble" value="NaN"/>
            </config>
            <config key="SC_State">
                <entry key="column_name" type="xstring" value="SC_State"/>
                <entry key="column_scale" type="xdouble" value="7.396483897634288"/>
                <entry key="column_translate" type="xdouble" value="-0.13775951259343994"/>
                <entry key="column_min" type="xdouble" value="NaN"/>
                <entry key="column_max" type="xdouble" value="NaN"/>
            </config>
            <config key="NE_State">
                <entry key="column_name" type="xstring" value="NE_State"/>
                <entry key="column_scale" type="xdouble" value="7.8015915151979955"/>
                <entry key="column_translate" type="xdouble" value="-0.1303515915664331"/>
                <entry key="column_min" type="xdouble" value="NaN"/>
                <entry key="column_max" type="xdouble" value="NaN"/>
            </config>
            <config key="WY_State">
                <entry key="column_name" type="xstring" value="WY_State"/>
                <entry key="column_scale" type="xdouble" value="6.65320007314132"/>
                <entry key="column_translate" type="xdouble" value="-0.1538552516913936"/>
                <entry key="column_min" type="xdouble" value="NaN"/>
                <entry key="column_max" type="xdouble" value="NaN"/>
            </config>
            <config key="HI_State">
                <entry key="column_name" type="xstring" value="HI_State"/>
                <entry key="column_scale" type="xdouble" value="7.529965396648508"/>
                <entry key="column_translate" type="xdouble" value="-0.13522562858147946"/>
                <entry key="column_min" type="xdouble" value="NaN"/>
                <entry key="column_max" type="xdouble" value="NaN"/>
            </config>
            <config key="IL_State">
                <entry key="column_name" type="xstring" value="IL_State"/>
                <entry key="column_scale" type="xdouble" value="7.487458737443388"/>
                <entry key="column_translate" type="xdouble" value="-0.1360221670635547"/>
                <entry key="column_min" type="xdouble" value="NaN"/>
                <entry key="column_max" type="xdouble" value="NaN"/>
            </config>
            <config key="NH_State">
                <entry key="column_name" type="xstring" value="NH_State"/>
                <entry key="column_scale" type="xdouble" value="7.308828595150927"/>
                <entry key="column_translate" type="xdouble" value="-0.13947681235746215"/>
                <entry key="column_min" type="xdouble" value="NaN"/>
                <entry key="column_max" type="xdouble" value="NaN"/>
            </config>
            <config key="GA_State">
                <entry key="column_name" type="xstring" value="GA_State"/>
                <entry key="column_scale" type="xdouble" value="7.792047095637291"/>
                <entry key="column_translate" type="xdouble" value="-0.13051678885192605"/>
                <entry key="column_min" type="xdouble" value="NaN"/>
                <entry key="column_max" type="xdouble" value="NaN"/>
            </config>
            <config key="AK_State">
                <entry key="column_name" type="xstring" value="AK_State"/>
                <entry key="column_scale" type="xdouble" value="8.260698938145993"/>
                <entry key="column_translate" type="xdouble" value="-0.1228778967049209"/>
                <entry key="column_min" type="xdouble" value="NaN"/>
                <entry key="column_max" type="xdouble" value="NaN"/>
            </config>
            <config key="MD_State">
                <entry key="column_name" type="xstring" value="MD_State"/>
                <entry key="column_scale" type="xdouble" value="7.035896892917295"/>
                <entry key="column_translate" type="xdouble" value="-0.1451153734164191"/>
                <entry key="column_min" type="xdouble" value="NaN"/>
                <entry key="column_max" type="xdouble" value="NaN"/>
            </config>
            <config key="AR_State">
                <entry key="column_name" type="xstring" value="AR_State"/>
                <entry key="column_scale" type="xdouble" value="7.4456818121693855"/>
                <entry key="column_translate" type="xdouble" value="-0.136814403298613"/>
                <entry key="column_min" type="xdouble" value="NaN"/>
                <entry key="column_max" type="xdouble" value="NaN"/>
            </config>
            <config key="WI_State">
                <entry key="column_name" type="xstring" value="WI_State"/>
                <entry key="column_scale" type="xdouble" value="6.868335096306189"/>
                <entry key="column_translate" type="xdouble" value="-0.1488139270866345"/>
                <entry key="column_min" type="xdouble" value="NaN"/>
                <entry key="column_max" type="xdouble" value="NaN"/>
            </config>
            <config key="OR_State">
                <entry key="column_name" type="xstring" value="OR_State"/>
                <entry key="column_scale" type="xdouble" value="6.682660919753809"/>
                <entry key="column_translate" type="xdouble" value="-0.15314431274435794"/>
                <entry key="column_min" type="xdouble" value="NaN"/>
                <entry key="column_max" type="xdouble" value="NaN"/>
            </config>
            <config key="MI_State">
                <entry key="column_name" type="xstring" value="MI_State"/>
                <entry key="column_scale" type="xdouble" value="7.035896892917315"/>
                <entry key="column_translate" type="xdouble" value="-0.1451153734164208"/>
                <entry key="column_min" type="xdouble" value="NaN"/>
                <entry key="column_max" type="xdouble" value="NaN"/>
            </config>
            <config key="DE_State">
                <entry key="column_name" type="xstring" value="DE_State"/>
                <entry key="column_scale" type="xdouble" value="7.437412174002138"/>
                <entry key="column_translate" type="xdouble" value="-0.1369723408712063"/>
                <entry key="column_min" type="xdouble" value="NaN"/>
                <entry key="column_max" type="xdouble" value="NaN"/>
            </config>
            <config key="UT_State">
                <entry key="column_name" type="xstring" value="UT_State"/>
                <entry key="column_scale" type="xdouble" value="6.817265126040141"/>
                <entry key="column_translate" type="xdouble" value="-0.14997983277288304"/>
                <entry key="column_min" type="xdouble" value="NaN"/>
                <entry key="column_max" type="xdouble" value="NaN"/>
            </config>
            <config key="CA_State">
                <entry key="column_name" type="xstring" value="CA_State"/>
                <entry key="column_scale" type="xdouble" value="10.05016876753281"/>
                <entry key="column_translate" type="xdouble" value="-0.10050168767532724"/>
                <entry key="column_min" type="xdouble" value="NaN"/>
                <entry key="column_max" type="xdouble" value="NaN"/>
            </config>
            <config key="MN_State">
                <entry key="column_name" type="xstring" value="MN_State"/>
                <entry key="column_scale" type="xdouble" value="6.368906713920111"/>
                <entry key="column_translate" type="xdouble" value="-0.16108026563956362"/>
                <entry key="column_min" type="xdouble" value="NaN"/>
                <entry key="column_max" type="xdouble" value="NaN"/>
            </config>
            <config key="SD_State">
                <entry key="column_name" type="xstring" value="SD_State"/>
                <entry key="column_scale" type="xdouble" value="7.754224836787524"/>
                <entry key="column_translate" type="xdouble" value="-0.1311756368223231"/>
                <entry key="column_min" type="xdouble" value="NaN"/>
                <entry key="column_max" type="xdouble" value="NaN"/>
            </config>
            <config key="NC_State">
                <entry key="column_name" type="xstring" value="NC_State"/>
                <entry key="column_scale" type="xdouble" value="7.4790456425556515"/>
                <entry key="column_translate" type="xdouble" value="-0.13618095607486813"/>
                <entry key="column_min" type="xdouble" value="NaN"/>
                <entry key="column_max" type="xdouble" value="NaN"/>
            </config>
            <config key="WA_State">
                <entry key="column_name" type="xstring" value="WA_State"/>
                <entry key="column_scale" type="xdouble" value="7.380305629730972"/>
                <entry key="column_translate" type="xdouble" value="-0.13807321782288495"/>
                <entry key="column_min" type="xdouble" value="NaN"/>
                <entry key="column_max" type="xdouble" value="NaN"/>
            </config>
            <config key="NM_State">
                <entry key="column_name" type="xstring" value="NM_State"/>
                <entry key="column_scale" type="xdouble" value="7.512873816320869"/>
                <entry key="column_translate" type="xdouble" value="-0.13554476510278898"/>
                <entry key="column_min" type="xdouble" value="NaN"/>
                <entry key="column_max" type="xdouble" value="NaN"/>
            </config>
            <config key="NV_State">
                <entry key="column_name" type="xstring" value="NV_State"/>
                <entry key="column_scale" type="xdouble" value="7.445681812169421"/>
                <entry key="column_translate" type="xdouble" value="-0.13681440329861205"/>
                <entry key="column_min" type="xdouble" value="NaN"/>
                <entry key="column_max" type="xdouble" value="NaN"/>
            </config>
            <config key="DC_State">
                <entry key="column_name" type="xstring" value="DC_State"/>
                <entry key="column_scale" type="xdouble" value="7.689370981210409"/>
                <entry key="column_translate" type="xdouble" value="-0.13232125896832891"/>
                <entry key="column_min" type="xdouble" value="NaN"/>
                <entry key="column_max" type="xdouble" value="NaN"/>
            </config>
            <config key="KY_State">
                <entry key="column_name" type="xstring" value="KY_State"/>
                <entry key="column_scale" type="xdouble" value="7.194296741736347"/>
                <entry key="column_translate" type="xdouble" value="-0.14178759828505283"/>
                <entry key="column_min" type="xdouble" value="NaN"/>
                <entry key="column_max" type="xdouble" value="NaN"/>
            </config>
            <config key="ME_State">
                <entry key="column_name" type="xstring" value="ME_State"/>
                <entry key="column_scale" type="xdouble" value="7.078026974603211"/>
                <entry key="column_translate" type="xdouble" value="-0.14421479960753897"/>
                <entry key="column_min" type="xdouble" value="NaN"/>
                <entry key="column_max" type="xdouble" value="NaN"/>
            </config>
            <config key="MS_State">
                <entry key="column_name" type="xstring" value="MS_State"/>
                <entry key="column_scale" type="xdouble" value="7.186856552279925"/>
                <entry key="column_translate" type="xdouble" value="-0.14194041690752887"/>
                <entry key="column_min" type="xdouble" value="NaN"/>
                <entry key="column_max" type="xdouble" value="NaN"/>
            </config>
            <config key="TN_State">
                <entry key="column_name" type="xstring" value="TN_State"/>
                <entry key="column_scale" type="xdouble" value="7.487458737443397"/>
                <entry key="column_translate" type="xdouble" value="-0.1360221670635556"/>
                <entry key="column_min" type="xdouble" value="NaN"/>
                <entry key="column_max" type="xdouble" value="NaN"/>
            </config>
            <config key="PA_State">
                <entry key="column_name" type="xstring" value="PA_State"/>
                <entry key="column_scale" type="xdouble" value="8.16005405027708"/>
                <entry key="column_translate" type="xdouble" value="-0.12444082426672469"/>
                <entry key="column_min" type="xdouble" value="NaN"/>
                <entry key="column_max" type="xdouble" value="NaN"/>
            </config>
            <config key="CT_State">
                <entry key="column_name" type="xstring" value="CT_State"/>
                <entry key="column_scale" type="xdouble" value="7.224296806643502"/>
                <entry key="column_translate" type="xdouble" value="-0.14117480009649075"/>
                <entry key="column_min" type="xdouble" value="NaN"/>
                <entry key="column_max" type="xdouble" value="NaN"/>
            </config>
            <config key="yes_International Plan">
                <entry key="column_name" type="xstring" value="yes_International Plan"/>
                <entry key="column_scale" type="xdouble" value="3.410396388714565"/>
                <entry key="column_translate" type="xdouble" value="-0.32398765692788495"/>
                <entry key="column_min" type="xdouble" value="NaN"/>
                <entry key="column_max" type="xdouble" value="NaN"/>
            </config>
            <config key="yes_Voice mail Plan">
                <entry key="column_name" type="xstring" value="yes_Voice mail Plan"/>
                <entry key="column_scale" type="xdouble" value="2.26638446651497"/>
                <entry key="column_translate" type="xdouble" value="-0.6001197201959415"/>
                <entry key="column_min" type="xdouble" value="NaN"/>
                <entry key="column_max" type="xdouble" value="NaN"/>
            </config>
        </config>
        <entry key="summary" type="xstring" value="Z-Score (Gaussian) normalization on 68 column(s)"/>
    </config>
</config>
