<?xml version="1.0" encoding="UTF-8"?>
<config xmlns="http://www.knime.org/2008/09/XMLConfig" xmlns:xsi="http://www.w3.org/2001/XMLSchema-instance" xsi:schemaLocation="http://www.knime.org/2008/09/XMLConfig http://www.knime.org/XMLConfig_2008_09.xsd" key="model.xml">
    <entry key="version" type="xint" value="1"/>
    <entry key="class_name" type="xstring" value="org.knime.base.data.normalize.NormalizerPortObject"/>
    <config key="model">
        <config key="columns">
            <config key="nta_code">
                <entry key="column_name" type="xstring" value="nta_code"/>
                <entry key="column_scale" type="xdouble" value="0.04621003748653506"/>
                <entry key="column_translate" type="xdouble" value="-1.43006433710221"/>
                <entry key="column_min" type="xdouble" value="NaN"/>
                <entry key="column_max" type="xdouble" value="NaN"/>
            </config>
            <config key="MN">
                <entry key="column_name" type="xstring" value="MN"/>
                <entry key="column_scale" type="xdouble" value="2.0127265953022784"/>
                <entry key="column_translate" type="xdouble" value="-1.1215647442304677"/>
                <entry key="column_min" type="xdouble" value="NaN"/>
                <entry key="column_max" type="xdouble" value="NaN"/>
            </config>
            <config key="BK">
                <entry key="column_name" type="xstring" value="BK"/>
                <entry key="column_scale" type="xdouble" value="2.4159229284450277"/>
                <entry key="column_translate" type="xdouble" value="-0.5299679646362013"/>
                <entry key="column_min" type="xdouble" value="NaN"/>
                <entry key="column_max" type="xdouble" value="NaN"/>
            </config>
            <config key="BX">
                <entry key="column_name" type="xstring" value="BX"/>
                <entry key="column_scale" type="xdouble" value="3.942185446010719"/>
                <entry key="column_translate" type="xdouble" value="-0.2723547181560611"/>
                <entry key="column_min" type="xdouble" value="NaN"/>
                <entry key="column_max" type="xdouble" value="NaN"/>
            </config>
            <config key="QU">
                <entry key="column_name" type="xstring" value="QU"/>
                <entry key="column_scale" type="xdouble" value="2.947617216396857"/>
                <entry key="column_translate" type="xdouble" value="-0.39093460812525166"/>
                <entry key="column_min" type="xdouble" value="NaN"/>
                <entry key="column_max" type="xdouble" value="NaN"/>
            </config>
            <config key="SI">
                <entry key="column_name" type="xstring" value="SI"/>
                <entry key="column_scale" type="xdouble" value="6.864012874430681"/>
                <entry key="column_translate" type="xdouble" value="-0.14884142894630348"/>
                <entry key="column_min" type="xdouble" value="NaN"/>
                <entry key="column_max" type="xdouble" value="NaN"/>
            </config>
            <config key="Free">
                <entry key="column_name" type="xstring" value="Free"/>
                <entry key="column_scale" type="xdouble" value="1.0"/>
                <entry key="column_translate" type="xdouble" value="-1.0"/>
                <entry key="column_min" type="xdouble" value="NaN"/>
                <entry key="column_max" type="xdouble" value="NaN"/>
            </config>
            <config key="Limited Free">
                <entry key="column_name" type="xstring" value="Limited Free"/>
                <entry key="column_scale" type="xdouble" value="1.0"/>
                <entry key="column_translate" type="xdouble" value="-0.0"/>
                <entry key="column_min" type="xdouble" value="NaN"/>
                <entry key="column_max" type="xdouble" value="NaN"/>
            </config>
            <config key="Partner Site">
                <entry key="column_name" type="xstring" value="Partner Site"/>
                <entry key="column_scale" type="xdouble" value="1.0"/>
                <entry key="column_translate" type="xdouble" value="-0.0"/>
                <entry key="column_min" type="xdouble" value="NaN"/>
                <entry key="column_max" type="xdouble" value="NaN"/>
            </config>
            <config key="LinkNYC - Citybridge">
                <entry key="column_name" type="xstring" value="LinkNYC - Citybridge"/>
                <entry key="column_scale" type="xdouble" value="2.0204718765914422"/>
                <entry key="column_translate" type="xdouble" value="-1.155428697960008"/>
                <entry key="column_min" type="xdouble" value="NaN"/>
                <entry key="column_max" type="xdouble" value="NaN"/>
            </config>
            <config key="ALTICEUSA">
                <entry key="column_name" type="xstring" value="ALTICEUSA"/>
                <entry key="column_scale" type="xdouble" value="1.0"/>
                <entry key="column_translate" type="xdouble" value="-0.0"/>
                <entry key="column_min" type="xdouble" value="NaN"/>
                <entry key="column_max" type="xdouble" value="NaN"/>
            </config>
            <config key="SPECTRUM">
                <entry key="column_name" type="xstring" value="SPECTRUM"/>
                <entry key="column_scale" type="xdouble" value="1.0"/>
                <entry key="column_translate" type="xdouble" value="-0.0"/>
                <entry key="column_min" type="xdouble" value="NaN"/>
                <entry key="column_max" type="xdouble" value="NaN"/>
            </config>
            <config key="NYCHA">
                <entry key="column_name" type="xstring" value="NYCHA"/>
                <entry key="column_scale" type="xdouble" value="8.473460038697437"/>
                <entry key="column_translate" type="xdouble" value="-0.11964542666844608"/>
                <entry key="column_min" type="xdouble" value="NaN"/>
                <entry key="column_max" type="xdouble" value="NaN"/>
            </config>
            <config key="AT&amp;T">
                <entry key="column_name" type="xstring" value="AT&amp;T"/>
                <entry key="column_scale" type="xdouble" value="8.78883063244783"/>
                <entry key="column_translate" type="xdouble" value="-0.11523428968413672"/>
                <entry key="column_min" type="xdouble" value="NaN"/>
                <entry key="column_max" type="xdouble" value="NaN"/>
            </config>
            <config key="Downtown Brooklyn">
                <entry key="column_name" type="xstring" value="Downtown Brooklyn"/>
                <entry key="column_scale" type="xdouble" value="4.568651406827949"/>
                <entry key="column_translate" type="xdouble" value="-0.23039089293131354"/>
                <entry key="column_min" type="xdouble" value="NaN"/>
                <entry key="column_max" type="xdouble" value="NaN"/>
            </config>
            <config key="Harlem">
                <entry key="column_name" type="xstring" value="Harlem"/>
                <entry key="column_scale" type="xdouble" value="4.068517987161886"/>
                <entry key="column_translate" type="xdouble" value="-0.26261739907046006"/>
                <entry key="column_min" type="xdouble" value="NaN"/>
                <entry key="column_max" type="xdouble" value="NaN"/>
            </config>
            <config key="NYPL">
                <entry key="column_name" type="xstring" value="NYPL"/>
                <entry key="column_scale" type="xdouble" value="4.8030446116833785"/>
                <entry key="column_translate" type="xdouble" value="-0.21798992186157568"/>
                <entry key="column_min" type="xdouble" value="NaN"/>
                <entry key="column_max" type="xdouble" value="NaN"/>
            </config>
            <config key="BPL">
                <entry key="column_name" type="xstring" value="BPL"/>
                <entry key="column_scale" type="xdouble" value="5.884162291195628"/>
                <entry key="column_translate" type="xdouble" value="-0.1750708901566015"/>
                <entry key="column_min" type="xdouble" value="NaN"/>
                <entry key="column_max" type="xdouble" value="NaN"/>
            </config>
            <config key="QPL">
                <entry key="column_name" type="xstring" value="QPL"/>
                <entry key="column_scale" type="xdouble" value="5.614772994883226"/>
                <entry key="column_translate" type="xdouble" value="-0.1840445005887094"/>
                <entry key="column_min" type="xdouble" value="NaN"/>
                <entry key="column_max" type="xdouble" value="NaN"/>
            </config>
            <config key="Manhattan Down Alliance">
                <entry key="column_name" type="xstring" value="Manhattan Down Alliance"/>
                <entry key="column_scale" type="xdouble" value="7.48822622050536"/>
                <entry key="column_translate" type="xdouble" value="-0.13594359250539254"/>
                <entry key="column_min" type="xdouble" value="NaN"/>
                <entry key="column_max" type="xdouble" value="NaN"/>
            </config>
            <config key="Transit Wireless">
                <entry key="column_name" type="xstring" value="Transit Wireless"/>
                <entry key="column_scale" type="xdouble" value="2.888297209028694"/>
                <entry key="column_translate" type="xdouble" value="-0.4020020321189713"/>
                <entry key="column_min" type="xdouble" value="NaN"/>
                <entry key="column_max" type="xdouble" value="NaN"/>
            </config>
            <config key="City Tech">
                <entry key="column_name" type="xstring" value="City Tech"/>
                <entry key="column_scale" type="xdouble" value="13.460567936596606"/>
                <entry key="column_translate" type="xdouble" value="-0.07466779995086367"/>
                <entry key="column_min" type="xdouble" value="NaN"/>
                <entry key="column_max" type="xdouble" value="NaN"/>
            </config>
            <config key="Chelsea">
                <entry key="column_name" type="xstring" value="Chelsea"/>
                <entry key="column_scale" type="xdouble" value="8.190330617075201"/>
                <entry key="column_translate" type="xdouble" value="-0.12390817877572188"/>
                <entry key="column_min" type="xdouble" value="NaN"/>
                <entry key="column_max" type="xdouble" value="NaN"/>
            </config>
            <config key="Partner">
                <entry key="column_name" type="xstring" value="Partner"/>
                <entry key="column_scale" type="xdouble" value="1.0"/>
                <entry key="column_translate" type="xdouble" value="-0.0"/>
                <entry key="column_min" type="xdouble" value="NaN"/>
                <entry key="column_max" type="xdouble" value="NaN"/>
            </config>
            <config key="Outdoor Kiosk">
                <entry key="column_name" type="xstring" value="Outdoor Kiosk"/>
                <entry key="column_scale" type="xdouble" value="2.0204718765914422"/>
                <entry key="column_translate" type="xdouble" value="-1.155428697960008"/>
                <entry key="column_min" type="xdouble" value="NaN"/>
                <entry key="column_max" type="xdouble" value="NaN"/>
            </config>
            <config key="Outdoor">
                <entry key="column_name" type="xstring" value="Outdoor"/>
                <entry key="column_scale" type="xdouble" value="2.596408040862647"/>
                <entry key="column_translate" type="xdouble" value="-0.470050674064392"/>
                <entry key="column_min" type="xdouble" value="NaN"/>
                <entry key="column_max" type="xdouble" value="NaN"/>
            </config>
            <config key="Indoor">
                <entry key="column_name" type="xstring" value="Indoor"/>
                <entry key="column_scale" type="xdouble" value="1.0"/>
                <entry key="column_translate" type="xdouble" value="-0.0"/>
                <entry key="column_min" type="xdouble" value="NaN"/>
                <entry key="column_max" type="xdouble" value="NaN"/>
            </config>
            <config key="Outdoor TWC Aerial">
                <entry key="column_name" type="xstring" value="Outdoor TWC Aerial"/>
                <entry key="column_scale" type="xdouble" value="1.0"/>
                <entry key="column_translate" type="xdouble" value="-0.0"/>
                <entry key="column_min" type="xdouble" value="NaN"/>
                <entry key="column_max" type="xdouble" value="NaN"/>
            </config>
            <config key="Library">
                <entry key="column_name" type="xstring" value="Library"/>
                <entry key="column_scale" type="xdouble" value="3.2221249591846433"/>
                <entry key="column_translate" type="xdouble" value="-0.3477230162710607"/>
                <entry key="column_min" type="xdouble" value="NaN"/>
                <entry key="column_max" type="xdouble" value="NaN"/>
            </config>
            <config key="Subway Station">
                <entry key="column_name" type="xstring" value="Subway Station"/>
                <entry key="column_scale" type="xdouble" value="2.888297209028694"/>
                <entry key="column_translate" type="xdouble" value="-0.4020020321189713"/>
                <entry key="column_min" type="xdouble" value="NaN"/>
                <entry key="column_max" type="xdouble" value="NaN"/>
            </config>
            <config key="New York">
                <entry key="column_name" type="xstring" value="New York"/>
                <entry key="column_scale" type="xdouble" value="2.0127265953022784"/>
                <entry key="column_translate" type="xdouble" value="-1.1215647442304677"/>
                <entry key="column_min" type="xdouble" value="NaN"/>
                <entry key="column_max" type="xdouble" value="NaN"/>
            </config>
            <config key="Brooklyn">
                <entry key="column_name" type="xstring" value="Brooklyn"/>
                <entry key="column_scale" type="xdouble" value="2.4159229284450277"/>
                <entry key="column_translate" type="xdouble" value="-0.5299679646362013"/>
                <entry key="column_min" type="xdouble" value="NaN"/>
                <entry key="column_max" type="xdouble" value="NaN"/>
            </config>
            <config key="Bronx">
                <entry key="column_name" type="xstring" value="Bronx"/>
                <entry key="column_scale" type="xdouble" value="3.942185446010719"/>
                <entry key="column_translate" type="xdouble" value="-0.2723547181560611"/>
                <entry key="column_min" type="xdouble" value="NaN"/>
                <entry key="column_max" type="xdouble" value="NaN"/>
            </config>
            <config key="Queens">
                <entry key="column_name" type="xstring" value="Queens"/>
                <entry key="column_scale" type="xdouble" value="3.3347361448485366"/>
                <entry key="column_translate" type="xdouble" value="-0.3329691158245133"/>
                <entry key="column_min" type="xdouble" value="NaN"/>
                <entry key="column_max" type="xdouble" value="NaN"/>
            </config>
            <config key="Staten Island">
                <entry key="column_name" type="xstring" value="Staten Island"/>
                <entry key="column_scale" type="xdouble" value="6.864012874430681"/>
                <entry key="column_translate" type="xdouble" value="-0.14884142894630348"/>
                <entry key="column_min" type="xdouble" value="NaN"/>
                <entry key="column_max" type="xdouble" value="NaN"/>
            </config>
            <config key="Glen Oaks">
                <entry key="column_name" type="xstring" value="Glen Oaks"/>
                <entry key="column_scale" type="xdouble" value="44.5308881564246"/>
                <entry key="column_translate" type="xdouble" value="-0.022456322822201117"/>
                <entry key="column_min" type="xdouble" value="NaN"/>
                <entry key="column_max" type="xdouble" value="NaN"/>
            </config>
            <config key="Arverne">
                <entry key="column_name" type="xstring" value="Arverne"/>
                <entry key="column_scale" type="xdouble" value="44.5308881564246"/>
                <entry key="column_translate" type="xdouble" value="-0.022456322822201117"/>
                <entry key="column_min" type="xdouble" value="NaN"/>
                <entry key="column_max" type="xdouble" value="NaN"/>
            </config>
            <config key="South Hollis">
                <entry key="column_name" type="xstring" value="South Hollis"/>
                <entry key="column_scale" type="xdouble" value="44.5308881564246"/>
                <entry key="column_translate" type="xdouble" value="-0.022456322822201117"/>
                <entry key="column_min" type="xdouble" value="NaN"/>
                <entry key="column_max" type="xdouble" value="NaN"/>
            </config>
            <config key="Woodhaven">
                <entry key="column_name" type="xstring" value="Woodhaven"/>
                <entry key="column_scale" type="xdouble" value="44.5308881564246"/>
                <entry key="column_translate" type="xdouble" value="-0.022456322822201117"/>
                <entry key="column_min" type="xdouble" value="NaN"/>
                <entry key="column_max" type="xdouble" value="NaN"/>
            </config>
            <config key="Long Island City">
                <entry key="column_name" type="xstring" value="Long Island City"/>
                <entry key="column_scale" type="xdouble" value="15.771922657171448"/>
                <entry key="column_translate" type="xdouble" value="-0.06362853316055074"/>
                <entry key="column_min" type="xdouble" value="NaN"/>
                <entry key="column_max" type="xdouble" value="NaN"/>
            </config>
            <config key="Queens Village">
                <entry key="column_name" type="xstring" value="Queens Village"/>
                <entry key="column_scale" type="xdouble" value="44.5308881564246"/>
                <entry key="column_translate" type="xdouble" value="-0.022456322822201117"/>
                <entry key="column_min" type="xdouble" value="NaN"/>
                <entry key="column_max" type="xdouble" value="NaN"/>
            </config>
            <config key="Flushing">
                <entry key="column_name" type="xstring" value="Flushing"/>
                <entry key="column_scale" type="xdouble" value="14.873677248990123"/>
                <entry key="column_translate" type="xdouble" value="-0.06750534303626382"/>
                <entry key="column_min" type="xdouble" value="NaN"/>
                <entry key="column_max" type="xdouble" value="NaN"/>
            </config>
            <config key="Little Neck">
                <entry key="column_name" type="xstring" value="Little Neck"/>
                <entry key="column_scale" type="xdouble" value="31.496039509683722"/>
                <entry key="column_translate" type="xdouble" value="-0.03176605094269681"/>
                <entry key="column_min" type="xdouble" value="NaN"/>
                <entry key="column_max" type="xdouble" value="NaN"/>
            </config>
            <config key="College Point">
                <entry key="column_name" type="xstring" value="College Point"/>
                <entry key="column_scale" type="xdouble" value="44.53088815642461"/>
                <entry key="column_translate" type="xdouble" value="-0.02245632282220112"/>
                <entry key="column_min" type="xdouble" value="NaN"/>
                <entry key="column_max" type="xdouble" value="NaN"/>
            </config>
            <config key="Forest Hills">
                <entry key="column_name" type="xstring" value="Forest Hills"/>
                <entry key="column_scale" type="xdouble" value="31.496039509683722"/>
                <entry key="column_translate" type="xdouble" value="-0.0317660509426968"/>
                <entry key="column_min" type="xdouble" value="NaN"/>
                <entry key="column_max" type="xdouble" value="NaN"/>
            </config>
            <config key="Rosedale">
                <entry key="column_name" type="xstring" value="Rosedale"/>
                <entry key="column_scale" type="xdouble" value="44.53088815642461"/>
                <entry key="column_translate" type="xdouble" value="-0.02245632282220112"/>
                <entry key="column_min" type="xdouble" value="NaN"/>
                <entry key="column_max" type="xdouble" value="NaN"/>
            </config>
            <config key="Corona">
                <entry key="column_name" type="xstring" value="Corona"/>
                <entry key="column_scale" type="xdouble" value="25.72290179524222"/>
                <entry key="column_translate" type="xdouble" value="-0.038915131308989735"/>
                <entry key="column_min" type="xdouble" value="NaN"/>
                <entry key="column_max" type="xdouble" value="NaN"/>
            </config>
            <config key="Jackson Heights">
                <entry key="column_name" type="xstring" value="Jackson Heights"/>
                <entry key="column_scale" type="xdouble" value="44.53088815642461"/>
                <entry key="column_translate" type="xdouble" value="-0.022456322822201138"/>
                <entry key="column_min" type="xdouble" value="NaN"/>
                <entry key="column_max" type="xdouble" value="NaN"/>
            </config>
            <config key="Rego Park">
                <entry key="column_name" type="xstring" value="Rego Park"/>
                <entry key="column_scale" type="xdouble" value="44.530888156424616"/>
                <entry key="column_translate" type="xdouble" value="-0.02245632282220114"/>
                <entry key="column_min" type="xdouble" value="NaN"/>
                <entry key="column_max" type="xdouble" value="NaN"/>
            </config>
            <config key="Whitestone">
                <entry key="column_name" type="xstring" value="Whitestone"/>
                <entry key="column_scale" type="xdouble" value="44.53088815642461"/>
                <entry key="column_translate" type="xdouble" value="-0.022456322822201127"/>
                <entry key="column_min" type="xdouble" value="NaN"/>
                <entry key="column_max" type="xdouble" value="NaN"/>
            </config>
            <config key="Briarwood">
                <entry key="column_name" type="xstring" value="Briarwood"/>
                <entry key="column_scale" type="xdouble" value="44.53088815642461"/>
                <entry key="column_translate" type="xdouble" value="-0.022456322822201127"/>
                <entry key="column_min" type="xdouble" value="NaN"/>
                <entry key="column_max" type="xdouble" value="NaN"/>
            </config>
            <config key="Cambria Heights">
                <entry key="column_name" type="xstring" value="Cambria Heights"/>
                <entry key="column_scale" type="xdouble" value="44.53088815642461"/>
                <entry key="column_translate" type="xdouble" value="-0.02245632282220114"/>
                <entry key="column_min" type="xdouble" value="NaN"/>
                <entry key="column_max" type="xdouble" value="NaN"/>
            </config>
            <config key="Bayside">
                <entry key="column_name" type="xstring" value="Bayside"/>
                <entry key="column_scale" type="xdouble" value="25.72290179524222"/>
                <entry key="column_translate" type="xdouble" value="-0.03891513130898977"/>
                <entry key="column_min" type="xdouble" value="NaN"/>
                <entry key="column_max" type="xdouble" value="NaN"/>
            </config>
            <config key="Laurelton">
                <entry key="column_name" type="xstring" value="Laurelton"/>
                <entry key="column_scale" type="xdouble" value="44.53088815642461"/>
                <entry key="column_translate" type="xdouble" value="-0.022456322822201138"/>
                <entry key="column_min" type="xdouble" value="NaN"/>
                <entry key="column_max" type="xdouble" value="NaN"/>
            </config>
            <config key="Fresh Meadows">
                <entry key="column_name" type="xstring" value="Fresh Meadows"/>
                <entry key="column_scale" type="xdouble" value="44.53088815642461"/>
                <entry key="column_translate" type="xdouble" value="-0.022456322822201138"/>
                <entry key="column_min" type="xdouble" value="NaN"/>
                <entry key="column_max" type="xdouble" value="NaN"/>
            </config>
            <config key="Maspeth">
                <entry key="column_name" type="xstring" value="Maspeth"/>
                <entry key="column_scale" type="xdouble" value="44.530888156424616"/>
                <entry key="column_translate" type="xdouble" value="-0.022456322822201145"/>
                <entry key="column_min" type="xdouble" value="NaN"/>
                <entry key="column_max" type="xdouble" value="NaN"/>
            </config>
            <config key="East Elmhurst">
                <entry key="column_name" type="xstring" value="East Elmhurst"/>
                <entry key="column_scale" type="xdouble" value="44.53088815642461"/>
                <entry key="column_translate" type="xdouble" value="-0.02245632282220114"/>
                <entry key="column_min" type="xdouble" value="NaN"/>
                <entry key="column_max" type="xdouble" value="NaN"/>
            </config>
            <config key="Bellerose">
                <entry key="column_name" type="xstring" value="Bellerose"/>
                <entry key="column_scale" type="xdouble" value="44.530888156424616"/>
                <entry key="column_translate" type="xdouble" value="-0.022456322822201145"/>
                <entry key="column_min" type="xdouble" value="NaN"/>
                <entry key="column_max" type="xdouble" value="NaN"/>
            </config>
            <config key="Rockaway Beach">
                <entry key="column_name" type="xstring" value="Rockaway Beach"/>
                <entry key="column_scale" type="xdouble" value="44.53088815642461"/>
                <entry key="column_translate" type="xdouble" value="-0.02245632282220114"/>
                <entry key="column_min" type="xdouble" value="NaN"/>
                <entry key="column_max" type="xdouble" value="NaN"/>
            </config>
            <config key="Hollis">
                <entry key="column_name" type="xstring" value="Hollis"/>
                <entry key="column_scale" type="xdouble" value="44.530888156424616"/>
                <entry key="column_translate" type="xdouble" value="-0.02245632282220114"/>
                <entry key="column_min" type="xdouble" value="NaN"/>
                <entry key="column_max" type="xdouble" value="NaN"/>
            </config>
            <config key="Jamaica">
                <entry key="column_name" type="xstring" value="Jamaica"/>
                <entry key="column_scale" type="xdouble" value="19.934944751483275"/>
                <entry key="column_translate" type="xdouble" value="-0.050264611072827384"/>
                <entry key="column_min" type="xdouble" value="NaN"/>
                <entry key="column_max" type="xdouble" value="NaN"/>
            </config>
            <config key="Glendale">
                <entry key="column_name" type="xstring" value="Glendale"/>
                <entry key="column_scale" type="xdouble" value="44.530888156424616"/>
                <entry key="column_translate" type="xdouble" value="-0.02245632282220114"/>
                <entry key="column_min" type="xdouble" value="NaN"/>
                <entry key="column_max" type="xdouble" value="NaN"/>
            </config>
            <config key="Richmond Hill">
                <entry key="column_name" type="xstring" value="Richmond Hill"/>
                <entry key="column_scale" type="xdouble" value="31.496039509683722"/>
                <entry key="column_translate" type="xdouble" value="-0.03176605094269683"/>
                <entry key="column_min" type="xdouble" value="NaN"/>
                <entry key="column_max" type="xdouble" value="NaN"/>
            </config>
            <config key="Woodside">
                <entry key="column_name" type="xstring" value="Woodside"/>
                <entry key="column_scale" type="xdouble" value="44.530888156424616"/>
                <entry key="column_translate" type="xdouble" value="-0.02245632282220114"/>
                <entry key="column_min" type="xdouble" value="NaN"/>
                <entry key="column_max" type="xdouble" value="NaN"/>
            </config>
            <config key="Howard Beach">
                <entry key="column_name" type="xstring" value="Howard Beach"/>
                <entry key="column_scale" type="xdouble" value="44.530888156424616"/>
                <entry key="column_translate" type="xdouble" value="-0.02245632282220114"/>
                <entry key="column_min" type="xdouble" value="NaN"/>
                <entry key="column_max" type="xdouble" value="NaN"/>
            </config>
            <config key="Ridgewood">
                <entry key="column_name" type="xstring" value="Ridgewood"/>
                <entry key="column_scale" type="xdouble" value="44.530888156424616"/>
                <entry key="column_translate" type="xdouble" value="-0.02245632282220114"/>
                <entry key="column_min" type="xdouble" value="NaN"/>
                <entry key="column_max" type="xdouble" value="NaN"/>
            </config>
            <config key="Far Rockaway">
                <entry key="column_name" type="xstring" value="Far Rockaway"/>
                <entry key="column_scale" type="xdouble" value="44.530888156424616"/>
                <entry key="column_translate" type="xdouble" value="-0.02245632282220114"/>
                <entry key="column_min" type="xdouble" value="NaN"/>
                <entry key="column_max" type="xdouble" value="NaN"/>
            </config>
            <config key="Broad Channel">
                <entry key="column_name" type="xstring" value="Broad Channel"/>
                <entry key="column_scale" type="xdouble" value="44.530888156424616"/>
                <entry key="column_translate" type="xdouble" value="-0.02245632282220114"/>
                <entry key="column_min" type="xdouble" value="NaN"/>
                <entry key="column_max" type="xdouble" value="NaN"/>
            </config>
            <config key="South Ozone Park">
                <entry key="column_name" type="xstring" value="South Ozone Park"/>
                <entry key="column_scale" type="xdouble" value="44.530888156424616"/>
                <entry key="column_translate" type="xdouble" value="-0.02245632282220114"/>
                <entry key="column_min" type="xdouble" value="NaN"/>
                <entry key="column_max" type="xdouble" value="NaN"/>
            </config>
            <config key="Ozone Park">
                <entry key="column_name" type="xstring" value="Ozone Park"/>
                <entry key="column_scale" type="xdouble" value="44.530888156424616"/>
                <entry key="column_translate" type="xdouble" value="-0.02245632282220113"/>
                <entry key="column_min" type="xdouble" value="NaN"/>
                <entry key="column_max" type="xdouble" value="NaN"/>
            </config>
            <config key="Rockaway Park">
                <entry key="column_name" type="xstring" value="Rockaway Park"/>
                <entry key="column_scale" type="xdouble" value="44.530888156424616"/>
                <entry key="column_translate" type="xdouble" value="-0.022456322822201124"/>
                <entry key="column_min" type="xdouble" value="NaN"/>
                <entry key="column_max" type="xdouble" value="NaN"/>
            </config>
            <config key="Middle Village">
                <entry key="column_name" type="xstring" value="Middle Village"/>
                <entry key="column_scale" type="xdouble" value="44.53088815642464"/>
                <entry key="column_translate" type="xdouble" value="-0.022456322822201093"/>
                <entry key="column_min" type="xdouble" value="NaN"/>
                <entry key="column_max" type="xdouble" value="NaN"/>
            </config>
            <config key="Saint Albans">
                <entry key="column_name" type="xstring" value="Saint Albans"/>
                <entry key="column_scale" type="xdouble" value="44.53088815642462"/>
                <entry key="column_translate" type="xdouble" value="-0.02245632282220106"/>
                <entry key="column_min" type="xdouble" value="NaN"/>
                <entry key="column_max" type="xdouble" value="NaN"/>
            </config>
            <config key="Elmhurst">
                <entry key="column_name" type="xstring" value="Elmhurst"/>
                <entry key="column_scale" type="xdouble" value="44.53088815642462"/>
                <entry key="column_translate" type="xdouble" value="-0.022456322822201058"/>
                <entry key="column_min" type="xdouble" value="NaN"/>
                <entry key="column_max" type="xdouble" value="NaN"/>
            </config>
        </config>
        <entry key="summary" type="xstring" value="Z-Score (Gaussian) normalization on 74 column(s)"/>
    </config>
</config>
