<?xml version="1.0" encoding="UTF-8"?>
<config xmlns="http://www.knime.org/2008/09/XMLConfig" xmlns:xsi="http://www.w3.org/2001/XMLSchema-instance" xsi:schemaLocation="http://www.knime.org/2008/09/XMLConfig http://www.knime.org/XMLConfig_2008_09.xsd" key="MiningSchema">
    <config key="learning">
        <entry key="array-size" type="xint" value="13"/>
        <entry key="0" type="xstring" value="CreditScore"/>
        <entry key="1" type="xstring" value="Age"/>
        <entry key="2" type="xstring" value="Tenure"/>
        <entry key="3" type="xstring" value="Balance"/>
        <entry key="4" type="xstring" value="EstimatedSalary"/>
        <entry key="5" type="xstring" value="France_Geography"/>
        <entry key="6" type="xstring" value="Spain_Geography"/>
        <entry key="7" type="xstring" value="Female_Gender"/>
        <entry key="8" type="xstring" value="1_NumOfProducts"/>
        <entry key="9" type="xstring" value="3_NumOfProducts"/>
        <entry key="10" type="xstring" value="2_NumOfProducts"/>
        <entry key="11" type="xstring" value="1_HasCrCard"/>
        <entry key="12" type="xstring" value="1_IsActiveMember"/>
    </config>
    <config key="target">
        <entry key="array-size" type="xint" value="1"/>
        <entry key="0" type="xstring" value="Exited"/>
    </config>
</config>
