<?xml version="1.0" encoding="UTF-8"?>
<config xmlns="http://www.knime.org/2008/09/XMLConfig" xmlns:xsi="http://www.w3.org/2001/XMLSchema-instance" xsi:schemaLocation="http://www.knime.org/2008/09/XMLConfig http://www.knime.org/XMLConfig_2008_09.xsd" key="model.xml">
    <entry key="version" type="xint" value="1"/>
    <entry key="class_name" type="xstring" value="org.knime.base.data.normalize.NormalizerPortObject"/>
    <config key="model">
        <config key="columns">
            <config key="arrival_date_year">
                <entry key="column_name" type="xstring" value="arrival_date_year"/>
                <entry key="column_scale" type="xdouble" value="1.416773880712879"/>
                <entry key="column_translate" type="xdouble" value="-2856.4318473404937"/>
                <entry key="column_min" type="xdouble" value="NaN"/>
                <entry key="column_max" type="xdouble" value="NaN"/>
            </config>
            <config key="arrival_date_day_of_month">
                <entry key="column_name" type="xstring" value="arrival_date_day_of_month"/>
                <entry key="column_scale" type="xdouble" value="0.11544987780689338"/>
                <entry key="column_translate" type="xdouble" value="-1.810773608462218"/>
                <entry key="column_min" type="xdouble" value="NaN"/>
                <entry key="column_max" type="xdouble" value="NaN"/>
            </config>
            <config key="stays_in_weekend_nights">
                <entry key="column_name" type="xstring" value="stays_in_weekend_nights"/>
                <entry key="column_scale" type="xdouble" value="1.0202437228199388"/>
                <entry key="column_translate" type="xdouble" value="-0.9393894077864575"/>
                <entry key="column_min" type="xdouble" value="NaN"/>
                <entry key="column_max" type="xdouble" value="NaN"/>
            </config>
            <config key="stays_in_week_nights">
                <entry key="column_name" type="xstring" value="stays_in_week_nights"/>
                <entry key="column_scale" type="xdouble" value="0.5380427038229206"/>
                <entry key="column_translate" type="xdouble" value="-1.3432236100939232"/>
                <entry key="column_min" type="xdouble" value="NaN"/>
                <entry key="column_max" type="xdouble" value="NaN"/>
            </config>
            <config key="adults">
                <entry key="column_name" type="xstring" value="adults"/>
                <entry key="column_scale" type="xdouble" value="2.082316401840582"/>
                <entry key="column_translate" type="xdouble" value="-3.858011713510131"/>
                <entry key="column_min" type="xdouble" value="NaN"/>
                <entry key="column_max" type="xdouble" value="NaN"/>
            </config>
            <config key="children">
                <entry key="column_name" type="xstring" value="children"/>
                <entry key="column_scale" type="xdouble" value="2.4606349116904562"/>
                <entry key="column_translate" type="xdouble" value="-0.2682092053742596"/>
                <entry key="column_min" type="xdouble" value="NaN"/>
                <entry key="column_max" type="xdouble" value="NaN"/>
            </config>
            <config key="babies">
                <entry key="column_name" type="xstring" value="babies"/>
                <entry key="column_scale" type="xdouble" value="10.730930419281847"/>
                <entry key="column_translate" type="xdouble" value="-0.08853017595907485"/>
                <entry key="column_min" type="xdouble" value="NaN"/>
                <entry key="column_max" type="xdouble" value="NaN"/>
            </config>
            <config key="is_repeated_guest">
                <entry key="column_name" type="xstring" value="is_repeated_guest"/>
                <entry key="column_scale" type="xdouble" value="5.791689110403091"/>
                <entry key="column_translate" type="xdouble" value="-0.1780944401448949"/>
                <entry key="column_min" type="xdouble" value="NaN"/>
                <entry key="column_max" type="xdouble" value="NaN"/>
            </config>
            <config key="previous_cancellations">
                <entry key="column_name" type="xstring" value="previous_cancellations"/>
                <entry key="column_scale" type="xdouble" value="1.1187631779502067"/>
                <entry key="column_translate" type="xdouble" value="-0.10460435713834439"/>
                <entry key="column_min" type="xdouble" value="NaN"/>
                <entry key="column_max" type="xdouble" value="NaN"/>
            </config>
            <config key="previous_bookings_not_canceled">
                <entry key="column_name" type="xstring" value="previous_bookings_not_canceled"/>
                <entry key="column_scale" type="xdouble" value="0.5938921644697434"/>
                <entry key="column_translate" type="xdouble" value="-0.08240253782017698"/>
                <entry key="column_min" type="xdouble" value="NaN"/>
                <entry key="column_max" type="xdouble" value="NaN"/>
            </config>
            <config key="days_in_waiting_list">
                <entry key="column_name" type="xstring" value="days_in_waiting_list"/>
                <entry key="column_scale" type="xdouble" value="0.0589569355829888"/>
                <entry key="column_translate" type="xdouble" value="-0.14908735085548283"/>
                <entry key="column_min" type="xdouble" value="NaN"/>
                <entry key="column_max" type="xdouble" value="NaN"/>
            </config>
            <config key="required_car_parking_spaces">
                <entry key="column_name" type="xstring" value="required_car_parking_spaces"/>
                <entry key="column_scale" type="xdouble" value="4.18583363489422"/>
                <entry key="column_translate" type="xdouble" value="-0.254289393319824"/>
                <entry key="column_min" type="xdouble" value="NaN"/>
                <entry key="column_max" type="xdouble" value="NaN"/>
            </config>
            <config key="City Hotel_hotel">
                <entry key="column_name" type="xstring" value="City Hotel_hotel"/>
                <entry key="column_scale" type="xdouble" value="2.118814673697997"/>
                <entry key="column_translate" type="xdouble" value="-1.409541461677594"/>
                <entry key="column_min" type="xdouble" value="NaN"/>
                <entry key="column_max" type="xdouble" value="NaN"/>
            </config>
            <config key="Resort Hotel_hotel">
                <entry key="column_name" type="xstring" value="Resort Hotel_hotel"/>
                <entry key="column_scale" type="xdouble" value="2.1188146736979965"/>
                <entry key="column_translate" type="xdouble" value="-0.7092732120204043"/>
                <entry key="column_min" type="xdouble" value="NaN"/>
                <entry key="column_max" type="xdouble" value="NaN"/>
            </config>
            <config key="May_arrival_date_month">
                <entry key="column_name" type="xstring" value="May_arrival_date_month"/>
                <entry key="column_scale" type="xdouble" value="3.321872472403191"/>
                <entry key="column_translate" type="xdouble" value="-0.33467865159462096"/>
                <entry key="column_min" type="xdouble" value="NaN"/>
                <entry key="column_max" type="xdouble" value="NaN"/>
            </config>
            <config key="April_arrival_date_month">
                <entry key="column_name" type="xstring" value="April_arrival_date_month"/>
                <entry key="column_scale" type="xdouble" value="3.5431298415027777"/>
                <entry key="column_translate" type="xdouble" value="-0.30913807867111726"/>
                <entry key="column_min" type="xdouble" value="NaN"/>
                <entry key="column_max" type="xdouble" value="NaN"/>
            </config>
            <config key="June_arrival_date_month">
                <entry key="column_name" type="xstring" value="June_arrival_date_month"/>
                <entry key="column_scale" type="xdouble" value="3.4982281803944253"/>
                <entry key="column_translate" type="xdouble" value="-0.31396597919039954"/>
                <entry key="column_min" type="xdouble" value="NaN"/>
                <entry key="column_max" type="xdouble" value="NaN"/>
            </config>
            <config key="August_arrival_date_month">
                <entry key="column_name" type="xstring" value="August_arrival_date_month"/>
                <entry key="column_scale" type="xdouble" value="3.065904223531247"/>
                <entry key="column_translate" type="xdouble" value="-0.3709744110472812"/>
                <entry key="column_min" type="xdouble" value="NaN"/>
                <entry key="column_max" type="xdouble" value="NaN"/>
            </config>
            <config key="December_arrival_date_month">
                <entry key="column_name" type="xstring" value="December_arrival_date_month"/>
                <entry key="column_scale" type="xdouble" value="4.463060582683024"/>
                <entry key="column_translate" type="xdouble" value="-0.23654221088220054"/>
                <entry key="column_min" type="xdouble" value="NaN"/>
                <entry key="column_max" type="xdouble" value="NaN"/>
            </config>
            <config key="October_arrival_date_month">
                <entry key="column_name" type="xstring" value="October_arrival_date_month"/>
                <entry key="column_scale" type="xdouble" value="3.418106379213363"/>
                <entry key="column_translate" type="xdouble" value="-0.3230110528356627"/>
                <entry key="column_min" type="xdouble" value="NaN"/>
                <entry key="column_max" type="xdouble" value="NaN"/>
            </config>
            <config key="September_arrival_date_month">
                <entry key="column_name" type="xstring" value="September_arrival_date_month"/>
                <entry key="column_scale" type="xdouble" value="3.493845976421927"/>
                <entry key="column_translate" type="xdouble" value="-0.31444613787797365"/>
                <entry key="column_min" type="xdouble" value="NaN"/>
                <entry key="column_max" type="xdouble" value="NaN"/>
            </config>
            <config key="February_arrival_date_month">
                <entry key="column_name" type="xstring" value="February_arrival_date_month"/>
                <entry key="column_scale" type="xdouble" value="3.9991480592002215"/>
                <entry key="column_translate" type="xdouble" value="-0.2679429199664144"/>
                <entry key="column_min" type="xdouble" value="NaN"/>
                <entry key="column_max" type="xdouble" value="NaN"/>
            </config>
            <config key="July_arrival_date_month">
                <entry key="column_name" type="xstring" value="July_arrival_date_month"/>
                <entry key="column_scale" type="xdouble" value="3.1612906520326676"/>
                <entry key="column_translate" type="xdouble" value="-0.3564355210166833"/>
                <entry key="column_min" type="xdouble" value="NaN"/>
                <entry key="column_max" type="xdouble" value="NaN"/>
            </config>
            <config key="March_arrival_date_month">
                <entry key="column_name" type="xstring" value="March_arrival_date_month"/>
                <entry key="column_scale" type="xdouble" value="3.594911287073512"/>
                <entry key="column_translate" type="xdouble" value="-0.3037700037577114"/>
                <entry key="column_min" type="xdouble" value="NaN"/>
                <entry key="column_max" type="xdouble" value="NaN"/>
            </config>
            <config key="January_arrival_date_month">
                <entry key="column_name" type="xstring" value="January_arrival_date_month"/>
                <entry key="column_scale" type="xdouble" value="4.724439883160299"/>
                <entry key="column_translate" type="xdouble" value="-0.2220486745085341"/>
                <entry key="column_min" type="xdouble" value="NaN"/>
                <entry key="column_max" type="xdouble" value="NaN"/>
            </config>
            <config key="November_arrival_date_month">
                <entry key="column_name" type="xstring" value="November_arrival_date_month"/>
                <entry key="column_scale" type="xdouble" value="4.483079551111119"/>
                <entry key="column_translate" type="xdouble" value="-0.23536167643333372"/>
                <entry key="column_min" type="xdouble" value="NaN"/>
                <entry key="column_max" type="xdouble" value="NaN"/>
            </config>
            <config key="BB_meal">
                <entry key="column_name" type="xstring" value="BB_meal"/>
                <entry key="column_scale" type="xdouble" value="2.3732369371510686"/>
                <entry key="column_translate" type="xdouble" value="-1.8256125139034571"/>
                <entry key="column_min" type="xdouble" value="NaN"/>
                <entry key="column_max" type="xdouble" value="NaN"/>
            </config>
            <config key="SC_meal">
                <entry key="column_name" type="xstring" value="SC_meal"/>
                <entry key="column_scale" type="xdouble" value="3.4982281803944293"/>
                <entry key="column_translate" type="xdouble" value="-0.3139659791903996"/>
                <entry key="column_min" type="xdouble" value="NaN"/>
                <entry key="column_max" type="xdouble" value="NaN"/>
            </config>
            <config key="HB_meal">
                <entry key="column_name" type="xstring" value="HB_meal"/>
                <entry key="column_scale" type="xdouble" value="2.995330597994159"/>
                <entry key="column_translate" type="xdouble" value="-0.3826534838937554"/>
                <entry key="column_min" type="xdouble" value="NaN"/>
                <entry key="column_max" type="xdouble" value="NaN"/>
            </config>
            <config key="FB_meal">
                <entry key="column_name" type="xstring" value="FB_meal"/>
                <entry key="column_scale" type="xdouble" value="12.211374012955309"/>
                <entry key="column_translate" type="xdouble" value="-0.08242677458744836"/>
                <entry key="column_min" type="xdouble" value="NaN"/>
                <entry key="column_max" type="xdouble" value="NaN"/>
            </config>
            <config key="Undefined_meal">
                <entry key="column_name" type="xstring" value="Undefined_meal"/>
                <entry key="column_scale" type="xdouble" value="12.442426740731985"/>
                <entry key="column_translate" type="xdouble" value="-0.08087577381475784"/>
                <entry key="column_min" type="xdouble" value="NaN"/>
                <entry key="column_max" type="xdouble" value="NaN"/>
            </config>
            <config key="PRT_country">
                <entry key="column_name" type="xstring" value="PRT_country"/>
                <entry key="column_scale" type="xdouble" value="2.0260155738650143"/>
                <entry key="column_translate" type="xdouble" value="-0.8504200371298409"/>
                <entry key="column_min" type="xdouble" value="NaN"/>
                <entry key="column_max" type="xdouble" value="NaN"/>
            </config>
            <config key="GBR_country">
                <entry key="column_name" type="xstring" value="GBR_country"/>
                <entry key="column_scale" type="xdouble" value="3.318219977186926"/>
                <entry key="column_translate" type="xdouble" value="-0.3351402176958796"/>
                <entry key="column_min" type="xdouble" value="NaN"/>
                <entry key="column_max" type="xdouble" value="NaN"/>
            </config>
            <config key="ESP_country">
                <entry key="column_name" type="xstring" value="ESP_country"/>
                <entry key="column_scale" type="xdouble" value="3.733973019957018"/>
                <entry key="column_translate" type="xdouble" value="-0.290316402301658"/>
                <entry key="column_min" type="xdouble" value="NaN"/>
                <entry key="column_max" type="xdouble" value="NaN"/>
            </config>
            <config key="FRA_country">
                <entry key="column_name" type="xstring" value="FRA_country"/>
                <entry key="column_scale" type="xdouble" value="3.6144001700743216"/>
                <entry key="column_translate" type="xdouble" value="-0.3018024142012062"/>
                <entry key="column_min" type="xdouble" value="NaN"/>
                <entry key="column_max" type="xdouble" value="NaN"/>
            </config>
            <config key="ITA_country">
                <entry key="column_name" type="xstring" value="ITA_country"/>
                <entry key="column_scale" type="xdouble" value="5.536866653501032"/>
                <entry key="column_translate" type="xdouble" value="-0.18686924955565948"/>
                <entry key="column_min" type="xdouble" value="NaN"/>
                <entry key="column_max" type="xdouble" value="NaN"/>
            </config>
            <config key="DEU_country">
                <entry key="column_name" type="xstring" value="DEU_country"/>
                <entry key="column_scale" type="xdouble" value="4.100199165424055"/>
                <entry key="column_translate" type="xdouble" value="-0.2603626470044274"/>
                <entry key="column_min" type="xdouble" value="NaN"/>
                <entry key="column_max" type="xdouble" value="NaN"/>
            </config>
            <config key="ISR_country">
                <entry key="column_name" type="xstring" value="ISR_country"/>
                <entry key="column_scale" type="xdouble" value="13.835953086690893"/>
                <entry key="column_translate" type="xdouble" value="-0.0726387537051274"/>
                <entry key="column_min" type="xdouble" value="NaN"/>
                <entry key="column_max" type="xdouble" value="NaN"/>
            </config>
            <config key="IND_country">
                <entry key="column_name" type="xstring" value="IND_country"/>
                <entry key="column_scale" type="xdouble" value="25.836045592888553"/>
                <entry key="column_translate" type="xdouble" value="-0.03875406838933296"/>
                <entry key="column_min" type="xdouble" value="NaN"/>
                <entry key="column_max" type="xdouble" value="NaN"/>
            </config>
            <config key="AUT_country">
                <entry key="column_name" type="xstring" value="AUT_country"/>
                <entry key="column_scale" type="xdouble" value="10.587358631808032"/>
                <entry key="column_translate" type="xdouble" value="-0.09528622768627261"/>
                <entry key="column_min" type="xdouble" value="NaN"/>
                <entry key="column_max" type="xdouble" value="NaN"/>
            </config>
            <config key="NLD_country">
                <entry key="column_name" type="xstring" value="NLD_country"/>
                <entry key="column_scale" type="xdouble" value="7.572434212338878"/>
                <entry key="column_translate" type="xdouble" value="-0.1344107072690156"/>
                <entry key="column_min" type="xdouble" value="NaN"/>
                <entry key="column_max" type="xdouble" value="NaN"/>
            </config>
            <config key="DNK_country">
                <entry key="column_name" type="xstring" value="DNK_country"/>
                <entry key="column_scale" type="xdouble" value="16.358591417796447"/>
                <entry key="column_translate" type="xdouble" value="-0.061344717816736706"/>
                <entry key="column_min" type="xdouble" value="NaN"/>
                <entry key="column_max" type="xdouble" value="NaN"/>
            </config>
            <config key="BRA_country">
                <entry key="column_name" type="xstring" value="BRA_country"/>
                <entry key="column_scale" type="xdouble" value="7.679441394820637"/>
                <entry key="column_translate" type="xdouble" value="-0.13247036406065626"/>
                <entry key="column_min" type="xdouble" value="NaN"/>
                <entry key="column_max" type="xdouble" value="NaN"/>
            </config>
            <config key="CHN_country">
                <entry key="column_name" type="xstring" value="CHN_country"/>
                <entry key="column_scale" type="xdouble" value="11.402085711789201"/>
                <entry key="column_translate" type="xdouble" value="-0.08836616426636625"/>
                <entry key="column_min" type="xdouble" value="NaN"/>
                <entry key="column_max" type="xdouble" value="NaN"/>
            </config>
            <config key="BEL_country">
                <entry key="column_name" type="xstring" value="BEL_country"/>
                <entry key="column_scale" type="xdouble" value="6.81655492767318"/>
                <entry key="column_translate" type="xdouble" value="-0.14996420840881017"/>
                <entry key="column_min" type="xdouble" value="NaN"/>
                <entry key="column_max" type="xdouble" value="NaN"/>
            </config>
            <config key="IRL_country">
                <entry key="column_name" type="xstring" value="IRL_country"/>
                <entry key="column_scale" type="xdouble" value="6.253991939897445"/>
                <entry key="column_translate" type="xdouble" value="-0.1641672884223078"/>
                <entry key="column_min" type="xdouble" value="NaN"/>
                <entry key="column_max" type="xdouble" value="NaN"/>
            </config>
            <config key="NOR_country">
                <entry key="column_name" type="xstring" value="NOR_country"/>
                <entry key="column_scale" type="xdouble" value="15.370078437997819"/>
                <entry key="column_translate" type="xdouble" value="-0.06532283336149086"/>
                <entry key="column_min" type="xdouble" value="NaN"/>
                <entry key="column_max" type="xdouble" value="NaN"/>
            </config>
            <config key="CN_country">
                <entry key="column_name" type="xstring" value="CN_country"/>
                <entry key="column_scale" type="xdouble" value="8.99957804918048"/>
                <entry key="column_translate" type="xdouble" value="-0.11249472561475587"/>
                <entry key="column_min" type="xdouble" value="NaN"/>
                <entry key="column_max" type="xdouble" value="NaN"/>
            </config>
            <config key="SVK_country">
                <entry key="column_name" type="xstring" value="SVK_country"/>
                <entry key="column_scale" type="xdouble" value="63.245553203367564"/>
                <entry key="column_translate" type="xdouble" value="-0.015811388300841972"/>
                <entry key="column_min" type="xdouble" value="NaN"/>
                <entry key="column_max" type="xdouble" value="NaN"/>
            </config>
            <config key="POL_country">
                <entry key="column_name" type="xstring" value="POL_country"/>
                <entry key="column_scale" type="xdouble" value="12.9472307737311"/>
                <entry key="column_translate" type="xdouble" value="-0.07768338464238685"/>
                <entry key="column_min" type="xdouble" value="NaN"/>
                <entry key="column_max" type="xdouble" value="NaN"/>
            </config>
            <config key="CHE_country">
                <entry key="column_name" type="xstring" value="CHE_country"/>
                <entry key="column_scale" type="xdouble" value="10.17585647871702"/>
                <entry key="column_translate" type="xdouble" value="-0.09921460066749112"/>
                <entry key="column_min" type="xdouble" value="NaN"/>
                <entry key="column_max" type="xdouble" value="NaN"/>
            </config>
            <config key="AGO_country">
                <entry key="column_name" type="xstring" value="AGO_country"/>
                <entry key="column_scale" type="xdouble" value="15.84112575103932"/>
                <entry key="column_translate" type="xdouble" value="-0.0633645030041572"/>
                <entry key="column_min" type="xdouble" value="NaN"/>
                <entry key="column_max" type="xdouble" value="NaN"/>
            </config>
            <config key="KOR_country">
                <entry key="column_name" type="xstring" value="KOR_country"/>
                <entry key="column_scale" type="xdouble" value="25.836045592888553"/>
                <entry key="column_translate" type="xdouble" value="-0.03875406838933295"/>
                <entry key="column_min" type="xdouble" value="NaN"/>
                <entry key="column_max" type="xdouble" value="NaN"/>
            </config>
            <config key="ARG_country">
                <entry key="column_name" type="xstring" value="ARG_country"/>
                <entry key="column_scale" type="xdouble" value="31.63464478622688"/>
                <entry key="column_translate" type="xdouble" value="-0.03163464478622691"/>
                <entry key="column_min" type="xdouble" value="NaN"/>
                <entry key="column_max" type="xdouble" value="NaN"/>
            </config>
            <config key="SWE_country">
                <entry key="column_name" type="xstring" value="SWE_country"/>
                <entry key="column_scale" type="xdouble" value="11.223928122542485"/>
                <entry key="column_translate" type="xdouble" value="-0.08979142498033951"/>
                <entry key="column_min" type="xdouble" value="NaN"/>
                <entry key="column_max" type="xdouble" value="NaN"/>
            </config>
            <config key="FIN_country">
                <entry key="column_name" type="xstring" value="FIN_country"/>
                <entry key="column_scale" type="xdouble" value="16.930626643978947"/>
                <entry key="column_translate" type="xdouble" value="-0.05925719325392642"/>
                <entry key="column_min" type="xdouble" value="NaN"/>
                <entry key="column_max" type="xdouble" value="NaN"/>
            </config>
            <config key="USA_country">
                <entry key="column_name" type="xstring" value="USA_country"/>
                <entry key="column_scale" type="xdouble" value="7.968712637406431"/>
                <entry key="column_translate" type="xdouble" value="-0.12749940219850273"/>
                <entry key="column_min" type="xdouble" value="NaN"/>
                <entry key="column_max" type="xdouble" value="NaN"/>
            </config>
            <config key="RUS_country">
                <entry key="column_name" type="xstring" value="RUS_country"/>
                <entry key="column_scale" type="xdouble" value="14.542290249047523"/>
                <entry key="column_translate" type="xdouble" value="-0.06907587868297593"/>
                <entry key="column_min" type="xdouble" value="NaN"/>
                <entry key="column_max" type="xdouble" value="NaN"/>
            </config>
            <config key="AUS_country">
                <entry key="column_name" type="xstring" value="AUS_country"/>
                <entry key="column_scale" type="xdouble" value="16.35859141779645"/>
                <entry key="column_translate" type="xdouble" value="-0.06134471781673668"/>
                <entry key="column_min" type="xdouble" value="NaN"/>
                <entry key="column_max" type="xdouble" value="NaN"/>
            </config>
            <config key="GRC_country">
                <entry key="column_name" type="xstring" value="GRC_country"/>
                <entry key="column_scale" type="xdouble" value="36.523971585457126"/>
                <entry key="column_translate" type="xdouble" value="-0.027392978689092837"/>
                <entry key="column_min" type="xdouble" value="NaN"/>
                <entry key="column_max" type="xdouble" value="NaN"/>
            </config>
            <config key="ROU_country">
                <entry key="column_name" type="xstring" value="ROU_country"/>
                <entry key="column_scale" type="xdouble" value="15.841125751039312"/>
                <entry key="column_translate" type="xdouble" value="-0.06336450300415723"/>
                <entry key="column_min" type="xdouble" value="NaN"/>
                <entry key="column_max" type="xdouble" value="NaN"/>
            </config>
            <config key="LVA_country">
                <entry key="column_name" type="xstring" value="LVA_country"/>
                <entry key="column_scale" type="xdouble" value="36.52397158545712"/>
                <entry key="column_translate" type="xdouble" value="-0.02739297868909289"/>
                <entry key="column_min" type="xdouble" value="NaN"/>
                <entry key="column_max" type="xdouble" value="NaN"/>
            </config>
            <config key="MAR_country">
                <entry key="column_name" type="xstring" value="MAR_country"/>
                <entry key="column_scale" type="xdouble" value="25.83604559288857"/>
                <entry key="column_translate" type="xdouble" value="-0.038754068389332916"/>
                <entry key="column_min" type="xdouble" value="NaN"/>
                <entry key="column_max" type="xdouble" value="NaN"/>
            </config>
            <config key="HUN_country">
                <entry key="column_name" type="xstring" value="HUN_country"/>
                <entry key="column_scale" type="xdouble" value="23.922525303891252"/>
                <entry key="column_translate" type="xdouble" value="-0.041864419281809694"/>
                <entry key="column_min" type="xdouble" value="NaN"/>
                <entry key="column_max" type="xdouble" value="NaN"/>
            </config>
            <config key="NZL_country">
                <entry key="column_name" type="xstring" value="NZL_country"/>
                <entry key="column_scale" type="xdouble" value="44.72695216673122"/>
                <entry key="column_translate" type="xdouble" value="-0.022363476083365655"/>
                <entry key="column_min" type="xdouble" value="NaN"/>
                <entry key="column_max" type="xdouble" value="NaN"/>
            </config>
            <config key="CMR_country">
                <entry key="column_name" type="xstring" value="CMR_country"/>
                <entry key="column_scale" type="xdouble" value="63.24555320336758"/>
                <entry key="column_translate" type="xdouble" value="-0.015811388300841975"/>
                <entry key="column_min" type="xdouble" value="NaN"/>
                <entry key="column_max" type="xdouble" value="NaN"/>
            </config>
            <config key="ECU_country">
                <entry key="column_name" type="xstring" value="ECU_country"/>
                <entry key="column_scale" type="xdouble" value="44.72695216673122"/>
                <entry key="column_translate" type="xdouble" value="-0.02236347608336564"/>
                <entry key="column_min" type="xdouble" value="NaN"/>
                <entry key="column_max" type="xdouble" value="NaN"/>
            </config>
            <config key="ZAF_country">
                <entry key="column_name" type="xstring" value="ZAF_country"/>
                <entry key="column_scale" type="xdouble" value="36.523971585457176"/>
                <entry key="column_translate" type="xdouble" value="-0.027392978689092955"/>
                <entry key="column_min" type="xdouble" value="NaN"/>
                <entry key="column_max" type="xdouble" value="NaN"/>
            </config>
            <config key="TWN_country">
                <entry key="column_name" type="xstring" value="TWN_country"/>
                <entry key="column_scale" type="xdouble" value="44.72695216673125"/>
                <entry key="column_translate" type="xdouble" value="-0.022363476083365714"/>
                <entry key="column_min" type="xdouble" value="NaN"/>
                <entry key="column_max" type="xdouble" value="NaN"/>
            </config>
            <config key="TJK_country">
                <entry key="column_name" type="xstring" value="TJK_country"/>
                <entry key="column_scale" type="xdouble" value="63.24555320336758"/>
                <entry key="column_translate" type="xdouble" value="-0.015811388300841975"/>
                <entry key="column_min" type="xdouble" value="NaN"/>
                <entry key="column_max" type="xdouble" value="NaN"/>
            </config>
            <config key="EST_country">
                <entry key="column_name" type="xstring" value="EST_country"/>
                <entry key="column_scale" type="xdouble" value="44.72695216673121"/>
                <entry key="column_translate" type="xdouble" value="-0.0223634760833656"/>
                <entry key="column_min" type="xdouble" value="NaN"/>
                <entry key="column_max" type="xdouble" value="NaN"/>
            </config>
            <config key="SRB_country">
                <entry key="column_name" type="xstring" value="SRB_country"/>
                <entry key="column_scale" type="xdouble" value="31.634644786226893"/>
                <entry key="column_translate" type="xdouble" value="-0.031634644786226934"/>
                <entry key="column_min" type="xdouble" value="NaN"/>
                <entry key="column_max" type="xdouble" value="NaN"/>
            </config>
            <config key="SVN_country">
                <entry key="column_name" type="xstring" value="SVN_country"/>
                <entry key="column_scale" type="xdouble" value="63.24555320336758"/>
                <entry key="column_translate" type="xdouble" value="-0.015811388300841975"/>
                <entry key="column_min" type="xdouble" value="NaN"/>
                <entry key="column_max" type="xdouble" value="NaN"/>
            </config>
            <config key="TUN_country">
                <entry key="column_name" type="xstring" value="TUN_country"/>
                <entry key="column_scale" type="xdouble" value="36.52397158545716"/>
                <entry key="column_translate" type="xdouble" value="-0.0273929786890929"/>
                <entry key="column_min" type="xdouble" value="NaN"/>
                <entry key="column_max" type="xdouble" value="NaN"/>
            </config>
            <config key="IRN_country">
                <entry key="column_name" type="xstring" value="IRN_country"/>
                <entry key="column_scale" type="xdouble" value="28.29842754026389"/>
                <entry key="column_translate" type="xdouble" value="-0.03537303442532997"/>
                <entry key="column_min" type="xdouble" value="NaN"/>
                <entry key="column_max" type="xdouble" value="NaN"/>
            </config>
            <config key="NGA_country">
                <entry key="column_name" type="xstring" value="NGA_country"/>
                <entry key="column_scale" type="xdouble" value="63.24555320336758"/>
                <entry key="column_translate" type="xdouble" value="-0.015811388300841972"/>
                <entry key="column_min" type="xdouble" value="NaN"/>
                <entry key="column_max" type="xdouble" value="NaN"/>
            </config>
            <config key="LUX_country">
                <entry key="column_name" type="xstring" value="LUX_country"/>
                <entry key="column_scale" type="xdouble" value="25.83604559288857"/>
                <entry key="column_translate" type="xdouble" value="-0.03875406838933284"/>
                <entry key="column_min" type="xdouble" value="NaN"/>
                <entry key="column_max" type="xdouble" value="NaN"/>
            </config>
            <config key="COL_country">
                <entry key="column_name" type="xstring" value="COL_country"/>
                <entry key="column_scale" type="xdouble" value="1.0"/>
                <entry key="column_translate" type="xdouble" value="-0.0"/>
                <entry key="column_min" type="xdouble" value="NaN"/>
                <entry key="column_max" type="xdouble" value="NaN"/>
            </config>
            <config key="TUR_country">
                <entry key="column_name" type="xstring" value="TUR_country"/>
                <entry key="column_scale" type="xdouble" value="22.380275992646144"/>
                <entry key="column_translate" type="xdouble" value="-0.04476055198529223"/>
                <entry key="column_min" type="xdouble" value="NaN"/>
                <entry key="column_max" type="xdouble" value="NaN"/>
            </config>
            <config key="IDN_country">
                <entry key="column_name" type="xstring" value="IDN_country"/>
                <entry key="column_scale" type="xdouble" value="63.24555320336758"/>
                <entry key="column_translate" type="xdouble" value="-0.015811388300841965"/>
                <entry key="column_min" type="xdouble" value="NaN"/>
                <entry key="column_max" type="xdouble" value="NaN"/>
            </config>
            <config key="LTU_country">
                <entry key="column_name" type="xstring" value="LTU_country"/>
                <entry key="column_scale" type="xdouble" value="36.52397158545717"/>
                <entry key="column_translate" type="xdouble" value="-0.027392978689092892"/>
                <entry key="column_min" type="xdouble" value="NaN"/>
                <entry key="column_max" type="xdouble" value="NaN"/>
            </config>
            <config key="CHL_country">
                <entry key="column_name" type="xstring" value="CHL_country"/>
                <entry key="column_scale" type="xdouble" value="44.72695216673125"/>
                <entry key="column_translate" type="xdouble" value="-0.02236347608336565"/>
                <entry key="column_min" type="xdouble" value="NaN"/>
                <entry key="column_max" type="xdouble" value="NaN"/>
            </config>
            <config key="EGY_country">
                <entry key="column_name" type="xstring" value="EGY_country"/>
                <entry key="column_scale" type="xdouble" value="36.52397158545712"/>
                <entry key="column_translate" type="xdouble" value="-0.02739297868909285"/>
                <entry key="column_min" type="xdouble" value="NaN"/>
                <entry key="column_max" type="xdouble" value="NaN"/>
            </config>
            <config key="MCO_country">
                <entry key="column_name" type="xstring" value="MCO_country"/>
                <entry key="column_scale" type="xdouble" value="1.0"/>
                <entry key="column_translate" type="xdouble" value="-0.0"/>
                <entry key="column_min" type="xdouble" value="NaN"/>
                <entry key="column_max" type="xdouble" value="NaN"/>
            </config>
            <config key="MOZ_country">
                <entry key="column_name" type="xstring" value="MOZ_country"/>
                <entry key="column_scale" type="xdouble" value="36.52397158545715"/>
                <entry key="column_translate" type="xdouble" value="-0.02739297868909289"/>
                <entry key="column_min" type="xdouble" value="NaN"/>
                <entry key="column_max" type="xdouble" value="NaN"/>
            </config>
            <config key="CZE_country">
                <entry key="column_name" type="xstring" value="CZE_country"/>
                <entry key="column_scale" type="xdouble" value="22.380275992646137"/>
                <entry key="column_translate" type="xdouble" value="-0.04476055198529225"/>
                <entry key="column_min" type="xdouble" value="NaN"/>
                <entry key="column_max" type="xdouble" value="NaN"/>
            </config>
            <config key="DZA_country">
                <entry key="column_name" type="xstring" value="DZA_country"/>
                <entry key="column_scale" type="xdouble" value="31.634644786226858"/>
                <entry key="column_translate" type="xdouble" value="-0.031634644786226816"/>
                <entry key="column_min" type="xdouble" value="NaN"/>
                <entry key="column_max" type="xdouble" value="NaN"/>
            </config>
            <config key="MWI_country">
                <entry key="column_name" type="xstring" value="MWI_country"/>
                <entry key="column_scale" type="xdouble" value="1.0"/>
                <entry key="column_translate" type="xdouble" value="-0.0"/>
                <entry key="column_min" type="xdouble" value="NaN"/>
                <entry key="column_max" type="xdouble" value="NaN"/>
            </config>
            <config key="MAC_country">
                <entry key="column_name" type="xstring" value="MAC_country"/>
                <entry key="column_scale" type="xdouble" value="63.24555320336759"/>
                <entry key="column_translate" type="xdouble" value="-0.01581138830084193"/>
                <entry key="column_min" type="xdouble" value="NaN"/>
                <entry key="column_max" type="xdouble" value="NaN"/>
            </config>
            <config key="HRV_country">
                <entry key="column_name" type="xstring" value="HRV_country"/>
                <entry key="column_scale" type="xdouble" value="31.634644786226886"/>
                <entry key="column_translate" type="xdouble" value="-0.03163464478622687"/>
                <entry key="column_min" type="xdouble" value="NaN"/>
                <entry key="column_max" type="xdouble" value="NaN"/>
            </config>
            <config key="AND_country">
                <entry key="column_name" type="xstring" value="AND_country"/>
                <entry key="column_scale" type="xdouble" value="1.0"/>
                <entry key="column_translate" type="xdouble" value="-0.0"/>
                <entry key="column_min" type="xdouble" value="NaN"/>
                <entry key="column_max" type="xdouble" value="NaN"/>
            </config>
            <config key="MDV_country">
                <entry key="column_name" type="xstring" value="MDV_country"/>
                <entry key="column_scale" type="xdouble" value="63.24555320336758"/>
                <entry key="column_translate" type="xdouble" value="-0.015811388300841923"/>
                <entry key="column_min" type="xdouble" value="NaN"/>
                <entry key="column_max" type="xdouble" value="NaN"/>
            </config>
            <config key="THA_country">
                <entry key="column_name" type="xstring" value="THA_country"/>
                <entry key="column_scale" type="xdouble" value="44.726952166731245"/>
                <entry key="column_translate" type="xdouble" value="-0.022363476083365648"/>
                <entry key="column_min" type="xdouble" value="NaN"/>
                <entry key="column_max" type="xdouble" value="NaN"/>
            </config>
            <config key="CYP_country">
                <entry key="column_name" type="xstring" value="CYP_country"/>
                <entry key="column_scale" type="xdouble" value="44.72695216673126"/>
                <entry key="column_translate" type="xdouble" value="-0.02236347608336563"/>
                <entry key="column_min" type="xdouble" value="NaN"/>
                <entry key="column_max" type="xdouble" value="NaN"/>
            </config>
            <config key="DOM_country">
                <entry key="column_name" type="xstring" value="DOM_country"/>
                <entry key="column_scale" type="xdouble" value="1.0"/>
                <entry key="column_translate" type="xdouble" value="-0.0"/>
                <entry key="column_min" type="xdouble" value="NaN"/>
                <entry key="column_max" type="xdouble" value="NaN"/>
            </config>
            <config key="AZE_country">
                <entry key="column_name" type="xstring" value="AZE_country"/>
                <entry key="column_scale" type="xdouble" value="63.24555320336759"/>
                <entry key="column_translate" type="xdouble" value="-0.01581138830084192"/>
                <entry key="column_min" type="xdouble" value="NaN"/>
                <entry key="column_max" type="xdouble" value="NaN"/>
            </config>
            <config key="MUS_country">
                <entry key="column_name" type="xstring" value="MUS_country"/>
                <entry key="column_scale" type="xdouble" value="63.24555320336758"/>
                <entry key="column_translate" type="xdouble" value="-0.015811388300841913"/>
                <entry key="column_min" type="xdouble" value="NaN"/>
                <entry key="column_max" type="xdouble" value="NaN"/>
            </config>
            <config key="KWT_country">
                <entry key="column_name" type="xstring" value="KWT_country"/>
                <entry key="column_scale" type="xdouble" value="63.24555320336759"/>
                <entry key="column_translate" type="xdouble" value="-0.015811388300841916"/>
                <entry key="column_min" type="xdouble" value="NaN"/>
                <entry key="column_max" type="xdouble" value="NaN"/>
            </config>
            <config key="LBN_country">
                <entry key="column_name" type="xstring" value="LBN_country"/>
                <entry key="column_scale" type="xdouble" value="36.523971585457126"/>
                <entry key="column_translate" type="xdouble" value="-0.027392978689092844"/>
                <entry key="column_min" type="xdouble" value="NaN"/>
                <entry key="column_max" type="xdouble" value="NaN"/>
            </config>
            <config key="JPN_country">
                <entry key="column_name" type="xstring" value="JPN_country"/>
                <entry key="column_scale" type="xdouble" value="36.523971585457154"/>
                <entry key="column_translate" type="xdouble" value="-0.027392978689092844"/>
                <entry key="column_min" type="xdouble" value="NaN"/>
                <entry key="column_max" type="xdouble" value="NaN"/>
            </config>
            <config key="MYS_country">
                <entry key="column_name" type="xstring" value="MYS_country"/>
                <entry key="column_scale" type="xdouble" value="44.72695216673123"/>
                <entry key="column_translate" type="xdouble" value="-0.022363476083365603"/>
                <entry key="column_min" type="xdouble" value="NaN"/>
                <entry key="column_max" type="xdouble" value="NaN"/>
            </config>
            <config key="MLT_country">
                <entry key="column_name" type="xstring" value="MLT_country"/>
                <entry key="column_scale" type="xdouble" value="63.245553203367606"/>
                <entry key="column_translate" type="xdouble" value="-0.01581138830084189"/>
                <entry key="column_min" type="xdouble" value="NaN"/>
                <entry key="column_max" type="xdouble" value="NaN"/>
            </config>
            <config key="IRQ_country">
                <entry key="column_name" type="xstring" value="IRQ_country"/>
                <entry key="column_scale" type="xdouble" value="1.0"/>
                <entry key="column_translate" type="xdouble" value="-0.0"/>
                <entry key="column_min" type="xdouble" value="NaN"/>
                <entry key="column_max" type="xdouble" value="NaN"/>
            </config>
            <config key="UKR_country">
                <entry key="column_name" type="xstring" value="UKR_country"/>
                <entry key="column_scale" type="xdouble" value="63.245553203367606"/>
                <entry key="column_translate" type="xdouble" value="-0.01581138830084189"/>
                <entry key="column_min" type="xdouble" value="NaN"/>
                <entry key="column_max" type="xdouble" value="NaN"/>
            </config>
            <config key="PAN_country">
                <entry key="column_name" type="xstring" value="PAN_country"/>
                <entry key="column_scale" type="xdouble" value="63.24555320336759"/>
                <entry key="column_translate" type="xdouble" value="-0.015811388300841885"/>
                <entry key="column_min" type="xdouble" value="NaN"/>
                <entry key="column_max" type="xdouble" value="NaN"/>
            </config>
            <config key="ARM_country">
                <entry key="column_name" type="xstring" value="ARM_country"/>
                <entry key="column_scale" type="xdouble" value="1.0"/>
                <entry key="column_translate" type="xdouble" value="-0.0"/>
                <entry key="column_min" type="xdouble" value="NaN"/>
                <entry key="column_max" type="xdouble" value="NaN"/>
            </config>
            <config key="MEX_country">
                <entry key="column_name" type="xstring" value="MEX_country"/>
                <entry key="column_scale" type="xdouble" value="36.523971585457126"/>
                <entry key="column_translate" type="xdouble" value="-0.02739297868909283"/>
                <entry key="column_min" type="xdouble" value="NaN"/>
                <entry key="column_max" type="xdouble" value="NaN"/>
            </config>
            <config key="PER_country">
                <entry key="column_name" type="xstring" value="PER_country"/>
                <entry key="column_scale" type="xdouble" value="63.245553203367606"/>
                <entry key="column_translate" type="xdouble" value="-0.0158113883008419"/>
                <entry key="column_min" type="xdouble" value="NaN"/>
                <entry key="column_max" type="xdouble" value="NaN"/>
            </config>
            <config key="QAT_country">
                <entry key="column_name" type="xstring" value="QAT_country"/>
                <entry key="column_scale" type="xdouble" value="63.245553203367606"/>
                <entry key="column_translate" type="xdouble" value="-0.0158113883008419"/>
                <entry key="column_min" type="xdouble" value="NaN"/>
                <entry key="column_max" type="xdouble" value="NaN"/>
            </config>
            <config key="BGR_country">
                <entry key="column_name" type="xstring" value="BGR_country"/>
                <entry key="column_scale" type="xdouble" value="44.72695216673121"/>
                <entry key="column_translate" type="xdouble" value="-0.022363476083365585"/>
                <entry key="column_min" type="xdouble" value="NaN"/>
                <entry key="column_max" type="xdouble" value="NaN"/>
            </config>
            <config key="BIH_country">
                <entry key="column_name" type="xstring" value="BIH_country"/>
                <entry key="column_scale" type="xdouble" value="44.72695216673124"/>
                <entry key="column_translate" type="xdouble" value="-0.0223634760833656"/>
                <entry key="column_min" type="xdouble" value="NaN"/>
                <entry key="column_max" type="xdouble" value="NaN"/>
            </config>
            <config key="ALB_country">
                <entry key="column_name" type="xstring" value="ALB_country"/>
                <entry key="column_scale" type="xdouble" value="63.24555320336758"/>
                <entry key="column_translate" type="xdouble" value="-0.01581138830084189"/>
                <entry key="column_min" type="xdouble" value="NaN"/>
                <entry key="column_max" type="xdouble" value="NaN"/>
            </config>
            <config key="NPL_country">
                <entry key="column_name" type="xstring" value="NPL_country"/>
                <entry key="column_scale" type="xdouble" value="63.245553203367564"/>
                <entry key="column_translate" type="xdouble" value="-0.015811388300841882"/>
                <entry key="column_min" type="xdouble" value="NaN"/>
                <entry key="column_max" type="xdouble" value="NaN"/>
            </config>
            <config key="GGY_country">
                <entry key="column_name" type="xstring" value="GGY_country"/>
                <entry key="column_scale" type="xdouble" value="63.24555320336759"/>
                <entry key="column_translate" type="xdouble" value="-0.015811388300841868"/>
                <entry key="column_min" type="xdouble" value="NaN"/>
                <entry key="column_max" type="xdouble" value="NaN"/>
            </config>
            <config key="MNE_country">
                <entry key="column_name" type="xstring" value="MNE_country"/>
                <entry key="column_scale" type="xdouble" value="63.24555320336758"/>
                <entry key="column_translate" type="xdouble" value="-0.01581138830084187"/>
                <entry key="column_min" type="xdouble" value="NaN"/>
                <entry key="column_max" type="xdouble" value="NaN"/>
            </config>
            <config key="LBY_country">
                <entry key="column_name" type="xstring" value="LBY_country"/>
                <entry key="column_scale" type="xdouble" value="63.24555320336758"/>
                <entry key="column_translate" type="xdouble" value="-0.015811388300841875"/>
                <entry key="column_min" type="xdouble" value="NaN"/>
                <entry key="column_max" type="xdouble" value="NaN"/>
            </config>
            <config key="SUR_country">
                <entry key="column_name" type="xstring" value="SUR_country"/>
                <entry key="column_scale" type="xdouble" value="63.24555320336758"/>
                <entry key="column_translate" type="xdouble" value="-0.01581138830084188"/>
                <entry key="column_min" type="xdouble" value="NaN"/>
                <entry key="column_max" type="xdouble" value="NaN"/>
            </config>
            <config key="BLR_country">
                <entry key="column_name" type="xstring" value="BLR_country"/>
                <entry key="column_scale" type="xdouble" value="63.245553203367606"/>
                <entry key="column_translate" type="xdouble" value="-0.015811388300841892"/>
                <entry key="column_min" type="xdouble" value="NaN"/>
                <entry key="column_max" type="xdouble" value="NaN"/>
            </config>
            <config key="TA/TO_distribution_channel">
                <entry key="column_name" type="xstring" value="TA/TO_distribution_channel"/>
                <entry key="column_scale" type="xdouble" value="2.6182953774556497"/>
                <entry key="column_translate" type="xdouble" value="-2.154202521801635"/>
                <entry key="column_min" type="xdouble" value="NaN"/>
                <entry key="column_max" type="xdouble" value="NaN"/>
            </config>
            <config key="Direct_distribution_channel">
                <entry key="column_name" type="xstring" value="Direct_distribution_channel"/>
                <entry key="column_scale" type="xdouble" value="3.0130387531625407"/>
                <entry key="column_translate" type="xdouble" value="-0.3796428828984797"/>
                <entry key="column_min" type="xdouble" value="NaN"/>
                <entry key="column_max" type="xdouble" value="NaN"/>
            </config>
            <config key="Corporate_distribution_channel">
                <entry key="column_name" type="xstring" value="Corporate_distribution_channel"/>
                <entry key="column_scale" type="xdouble" value="4.576916846641245"/>
                <entry key="column_translate" type="xdouble" value="-0.22999007154372283"/>
                <entry key="column_min" type="xdouble" value="NaN"/>
                <entry key="column_max" type="xdouble" value="NaN"/>
            </config>
            <config key="GDS_distribution_channel">
                <entry key="column_name" type="xstring" value="GDS_distribution_channel"/>
                <entry key="column_scale" type="xdouble" value="31.63464478622688"/>
                <entry key="column_translate" type="xdouble" value="-0.03163464478622693"/>
                <entry key="column_min" type="xdouble" value="NaN"/>
                <entry key="column_max" type="xdouble" value="NaN"/>
            </config>
            <config key="A_reserved_room_type">
                <entry key="column_name" type="xstring" value="A_reserved_room_type"/>
                <entry key="column_scale" type="xdouble" value="2.2554776627533903"/>
                <entry key="column_translate" type="xdouble" value="-1.649318040888421"/>
                <entry key="column_min" type="xdouble" value="NaN"/>
                <entry key="column_max" type="xdouble" value="NaN"/>
            </config>
            <config key="G_reserved_room_type">
                <entry key="column_name" type="xstring" value="G_reserved_room_type"/>
                <entry key="column_scale" type="xdouble" value="7.572434212338878"/>
                <entry key="column_translate" type="xdouble" value="-0.13441070726901538"/>
                <entry key="column_min" type="xdouble" value="NaN"/>
                <entry key="column_max" type="xdouble" value="NaN"/>
            </config>
            <config key="D_reserved_room_type">
                <entry key="column_name" type="xstring" value="D_reserved_room_type"/>
                <entry key="column_scale" type="xdouble" value="2.750196700643226"/>
                <entry key="column_translate" type="xdouble" value="-0.43109333282582535"/>
                <entry key="column_min" type="xdouble" value="NaN"/>
                <entry key="column_max" type="xdouble" value="NaN"/>
            </config>
            <config key="B_reserved_room_type">
                <entry key="column_name" type="xstring" value="B_reserved_room_type"/>
                <entry key="column_scale" type="xdouble" value="10.736187306892015"/>
                <entry key="column_translate" type="xdouble" value="-0.09394163893530538"/>
                <entry key="column_min" type="xdouble" value="NaN"/>
                <entry key="column_max" type="xdouble" value="NaN"/>
            </config>
            <config key="E_reserved_room_type">
                <entry key="column_name" type="xstring" value="E_reserved_room_type"/>
                <entry key="column_scale" type="xdouble" value="4.493199092142619"/>
                <entry key="column_translate" type="xdouble" value="-0.23476965256445168"/>
                <entry key="column_min" type="xdouble" value="NaN"/>
                <entry key="column_max" type="xdouble" value="NaN"/>
            </config>
            <config key="F_reserved_room_type">
                <entry key="column_name" type="xstring" value="F_reserved_room_type"/>
                <entry key="column_scale" type="xdouble" value="6.933146094106682"/>
                <entry key="column_translate" type="xdouble" value="-0.14732935449976686"/>
                <entry key="column_min" type="xdouble" value="NaN"/>
                <entry key="column_max" type="xdouble" value="NaN"/>
            </config>
            <config key="H_reserved_room_type">
                <entry key="column_name" type="xstring" value="H_reserved_room_type"/>
                <entry key="column_scale" type="xdouble" value="15.841125751039325"/>
                <entry key="column_translate" type="xdouble" value="-0.06336450300415747"/>
                <entry key="column_min" type="xdouble" value="NaN"/>
                <entry key="column_max" type="xdouble" value="NaN"/>
            </config>
            <config key="C_reserved_room_type">
                <entry key="column_name" type="xstring" value="C_reserved_room_type"/>
                <entry key="column_scale" type="xdouble" value="11.22392812254248"/>
                <entry key="column_translate" type="xdouble" value="-0.08979142498033967"/>
                <entry key="column_min" type="xdouble" value="NaN"/>
                <entry key="column_max" type="xdouble" value="NaN"/>
            </config>
            <config key="A_assigned_room_type">
                <entry key="column_name" type="xstring" value="A_assigned_room_type"/>
                <entry key="column_scale" type="xdouble" value="2.064236671509966"/>
                <entry key="column_translate" type="xdouble" value="-1.2880836830222187"/>
                <entry key="column_min" type="xdouble" value="NaN"/>
                <entry key="column_max" type="xdouble" value="NaN"/>
            </config>
            <config key="G_assigned_room_type">
                <entry key="column_name" type="xstring" value="G_assigned_room_type"/>
                <entry key="column_scale" type="xdouble" value="7.014389302008326"/>
                <entry key="column_translate" type="xdouble" value="-0.14554857801667304"/>
                <entry key="column_min" type="xdouble" value="NaN"/>
                <entry key="column_max" type="xdouble" value="NaN"/>
            </config>
            <config key="D_assigned_room_type">
                <entry key="column_name" type="xstring" value="D_assigned_room_type"/>
                <entry key="column_scale" type="xdouble" value="2.440042569748179"/>
                <entry key="column_translate" type="xdouble" value="-0.5209490886412366"/>
                <entry key="column_min" type="xdouble" value="NaN"/>
                <entry key="column_max" type="xdouble" value="NaN"/>
            </config>
            <config key="B_assigned_room_type">
                <entry key="column_name" type="xstring" value="B_assigned_room_type"/>
                <entry key="column_scale" type="xdouble" value="7.323765029168994"/>
                <entry key="column_translate" type="xdouble" value="-0.1391515355542109"/>
                <entry key="column_min" type="xdouble" value="NaN"/>
                <entry key="column_max" type="xdouble" value="NaN"/>
            </config>
            <config key="E_assigned_room_type">
                <entry key="column_name" type="xstring" value="E_assigned_room_type"/>
                <entry key="column_scale" type="xdouble" value="4.21847112298967"/>
                <entry key="column_translate" type="xdouble" value="-0.25205364959863247"/>
                <entry key="column_min" type="xdouble" value="NaN"/>
                <entry key="column_max" type="xdouble" value="NaN"/>
            </config>
            <config key="F_assigned_room_type">
                <entry key="column_name" type="xstring" value="F_assigned_room_type"/>
                <entry key="column_scale" type="xdouble" value="5.933747634370533"/>
                <entry key="column_translate" type="xdouble" value="-0.1735621183053385"/>
                <entry key="column_min" type="xdouble" value="NaN"/>
                <entry key="column_max" type="xdouble" value="NaN"/>
            </config>
            <config key="H_assigned_room_type">
                <entry key="column_name" type="xstring" value="H_assigned_room_type"/>
                <entry key="column_scale" type="xdouble" value="13.519541645611296"/>
                <entry key="column_translate" type="xdouble" value="-0.07435747905086236"/>
                <entry key="column_min" type="xdouble" value="NaN"/>
                <entry key="column_max" type="xdouble" value="NaN"/>
            </config>
            <config key="K_assigned_room_type">
                <entry key="column_name" type="xstring" value="K_assigned_room_type"/>
                <entry key="column_scale" type="xdouble" value="20.02254368553351"/>
                <entry key="column_translate" type="xdouble" value="-0.05005635921383387"/>
                <entry key="column_min" type="xdouble" value="NaN"/>
                <entry key="column_max" type="xdouble" value="NaN"/>
            </config>
            <config key="C_assigned_room_type">
                <entry key="column_name" type="xstring" value="C_assigned_room_type"/>
                <entry key="column_scale" type="xdouble" value="6.6701331975016265"/>
                <entry key="column_translate" type="xdouble" value="-0.1534130635425374"/>
                <entry key="column_min" type="xdouble" value="NaN"/>
                <entry key="column_max" type="xdouble" value="NaN"/>
            </config>
            <config key="I_assigned_room_type">
                <entry key="column_name" type="xstring" value="I_assigned_room_type"/>
                <entry key="column_scale" type="xdouble" value="19.093139119574154"/>
                <entry key="column_translate" type="xdouble" value="-0.05250613257882887"/>
                <entry key="column_min" type="xdouble" value="NaN"/>
                <entry key="column_max" type="xdouble" value="NaN"/>
            </config>
            <config key="No Deposit_deposit_type">
                <entry key="column_name" type="xstring" value="No Deposit_deposit_type"/>
                <entry key="column_scale" type="xdouble" value="2.9682854099858704"/>
                <entry key="column_translate" type="xdouble" value="-2.580924163982717"/>
                <entry key="column_min" type="xdouble" value="NaN"/>
                <entry key="column_max" type="xdouble" value="NaN"/>
            </config>
            <config key="Non Refund_deposit_type">
                <entry key="column_name" type="xstring" value="Non Refund_deposit_type"/>
                <entry key="column_scale" type="xdouble" value="2.9853873757500207"/>
                <entry key="column_translate" type="xdouble" value="-0.3843686246278164"/>
                <entry key="column_min" type="xdouble" value="NaN"/>
                <entry key="column_max" type="xdouble" value="NaN"/>
            </config>
            <config key="Refundable_deposit_type">
                <entry key="column_name" type="xstring" value="Refundable_deposit_type"/>
                <entry key="column_scale" type="xdouble" value="23.92252530389123"/>
                <entry key="column_translate" type="xdouble" value="-0.04186441928180971"/>
                <entry key="column_min" type="xdouble" value="NaN"/>
                <entry key="column_max" type="xdouble" value="NaN"/>
            </config>
            <config key="Transient-Party_customer_type">
                <entry key="column_name" type="xstring" value="Transient-Party_customer_type"/>
                <entry key="column_scale" type="xdouble" value="2.4348664613913047"/>
                <entry key="column_translate" type="xdouble" value="-0.5228875725837832"/>
                <entry key="column_min" type="xdouble" value="NaN"/>
                <entry key="column_max" type="xdouble" value="NaN"/>
            </config>
            <config key="Transient_customer_type">
                <entry key="column_name" type="xstring" value="Transient_customer_type"/>
                <entry key="column_scale" type="xdouble" value="2.3129802219943447"/>
                <entry key="column_translate" type="xdouble" value="-1.7376263917732502"/>
                <entry key="column_min" type="xdouble" value="NaN"/>
                <entry key="column_max" type="xdouble" value="NaN"/>
            </config>
            <config key="Contract_customer_type">
                <entry key="column_name" type="xstring" value="Contract_customer_type"/>
                <entry key="column_scale" type="xdouble" value="6.060850313740896"/>
                <entry key="column_translate" type="xdouble" value="-0.1697038087847446"/>
                <entry key="column_min" type="xdouble" value="NaN"/>
                <entry key="column_max" type="xdouble" value="NaN"/>
            </config>
            <config key="Group_customer_type">
                <entry key="column_name" type="xstring" value="Group_customer_type"/>
                <entry key="column_scale" type="xdouble" value="12.947230773731103"/>
                <entry key="column_translate" type="xdouble" value="-0.07768338464238664"/>
                <entry key="column_min" type="xdouble" value="NaN"/>
                <entry key="column_max" type="xdouble" value="NaN"/>
            </config>
        </config>
        <entry key="summary" type="xstring" value="Z-Score (Gaussian) normalization on 147 column(s)"/>
    </config>
</config>
