<?xml version="1.0" encoding="UTF-8"?>
<config xmlns="http://www.knime.org/2008/09/XMLConfig" xmlns:xsi="http://www.w3.org/2001/XMLSchema-instance" xsi:schemaLocation="http://www.knime.org/2008/09/XMLConfig http://www.knime.org/XMLConfig_2008_09.xsd" key="MiningSchema">
    <config key="learning">
        <entry key="array-size" type="xint" value="216"/>
        <entry key="0" type="xstring" value="Distance"/>
        <entry key="1" type="xstring" value="Avg Weekly passangers"/>
        <entry key="2" type="xstring" value="Market Share Leader"/>
        <entry key="3" type="xstring" value="Average Fare - Market Leader"/>
        <entry key="4" type="xstring" value="Market Share of Low Price Airline"/>
        <entry key="5" type="xstring" value="Fare of Low Price Airline"/>
        <entry key="6" type="xstring" value="CAK_City 1"/>
        <entry key="7" type="xstring" value="ALB_City 1"/>
        <entry key="8" type="xstring" value="ABQ_City 1"/>
        <entry key="9" type="xstring" value="AMA_City 1"/>
        <entry key="10" type="xstring" value="ATL_City 1"/>
        <entry key="11" type="xstring" value="ACY_City 1"/>
        <entry key="12" type="xstring" value="AUS_City 1"/>
        <entry key="13" type="xstring" value="BWI_City 1"/>
        <entry key="14" type="xstring" value="BHM_City 1"/>
        <entry key="15" type="xstring" value="BOI_City 1"/>
        <entry key="16" type="xstring" value="BOS_City 1"/>
        <entry key="17" type="xstring" value="BUF_City 1"/>
        <entry key="18" type="xstring" value="BUR_City 1"/>
        <entry key="19" type="xstring" value="BTV_City 1"/>
        <entry key="20" type="xstring" value="CHS_City 1"/>
        <entry key="21" type="xstring" value="CLT_City 1"/>
        <entry key="22" type="xstring" value="ORD_City 1"/>
        <entry key="23" type="xstring" value="CVG_City 1"/>
        <entry key="24" type="xstring" value="CLE_City 1"/>
        <entry key="25" type="xstring" value="COS_City 1"/>
        <entry key="26" type="xstring" value="CAE_City 1"/>
        <entry key="27" type="xstring" value="CMH_City 1"/>
        <entry key="28" type="xstring" value="CRP_City 1"/>
        <entry key="29" type="xstring" value="DFW_City 1"/>
        <entry key="30" type="xstring" value="DAY_City 1"/>
        <entry key="31" type="xstring" value="DEN_City 1"/>
        <entry key="32" type="xstring" value="DSM_City 1"/>
        <entry key="33" type="xstring" value="DTW_City 1"/>
        <entry key="34" type="xstring" value="ELP_City 1"/>
        <entry key="35" type="xstring" value="EUG_City 1"/>
        <entry key="36" type="xstring" value="FNT_City 1"/>
        <entry key="37" type="xstring" value="FLL_City 1"/>
        <entry key="38" type="xstring" value="RSW_City 1"/>
        <entry key="39" type="xstring" value="GRR_City 1"/>
        <entry key="40" type="xstring" value="GSO_City 1"/>
        <entry key="41" type="xstring" value="GSP_City 1"/>
        <entry key="42" type="xstring" value="GPT_City 1"/>
        <entry key="43" type="xstring" value="HRL_City 1"/>
        <entry key="44" type="xstring" value="MDT_City 1"/>
        <entry key="45" type="xstring" value="BDL_City 1"/>
        <entry key="46" type="xstring" value="IAH_City 1"/>
        <entry key="47" type="xstring" value="IND_City 1"/>
        <entry key="48" type="xstring" value="PSP_City 1"/>
        <entry key="49" type="xstring" value="JAX_City 1"/>
        <entry key="50" type="xstring" value="MCI_City 1"/>
        <entry key="51" type="xstring" value="TYS_City 1"/>
        <entry key="52" type="xstring" value="LAS_City 1"/>
        <entry key="53" type="xstring" value="LIT_City 1"/>
        <entry key="54" type="xstring" value="LGB_City 1"/>
        <entry key="55" type="xstring" value="ISP_City 1"/>
        <entry key="56" type="xstring" value="LAX_City 1"/>
        <entry key="57" type="xstring" value="SDF_City 1"/>
        <entry key="58" type="xstring" value="MSN_City 1"/>
        <entry key="59" type="xstring" value="MHT_City 1"/>
        <entry key="60" type="xstring" value="MEM_City 1"/>
        <entry key="61" type="xstring" value="MIA_City 1"/>
        <entry key="62" type="xstring" value="MKE_City 1"/>
        <entry key="63" type="xstring" value="MSP_City 1"/>
        <entry key="64" type="xstring" value="MYR_City 1"/>
        <entry key="65" type="xstring" value="BNA_City 1"/>
        <entry key="66" type="xstring" value="MSY_City 1"/>
        <entry key="67" type="xstring" value="PHF_City 1"/>
        <entry key="68" type="xstring" value="LGA_City 1"/>
        <entry key="69" type="xstring" value="ORF_City 1"/>
        <entry key="70" type="xstring" value="OAK_City 1"/>
        <entry key="71" type="xstring" value="OKC_City 1"/>
        <entry key="72" type="xstring" value="OMA_City 1"/>
        <entry key="73" type="xstring" value="ONT_City 1"/>
        <entry key="74" type="xstring" value="MCO_City 1"/>
        <entry key="75" type="xstring" value="PHL_City 1"/>
        <entry key="76" type="xstring" value="PHX_City 1"/>
        <entry key="77" type="xstring" value="PIT_City 1"/>
        <entry key="78" type="xstring" value="PDX_City 1"/>
        <entry key="79" type="xstring" value="PVD_City 1"/>
        <entry key="80" type="xstring" value="RDU_City 1"/>
        <entry key="81" type="xstring" value="RNO_City 1"/>
        <entry key="82" type="xstring" value="ROC_City 1"/>
        <entry key="83" type="xstring" value="SMF_City 1"/>
        <entry key="84" type="xstring" value="STL_City 1"/>
        <entry key="85" type="xstring" value="SLC_City 1"/>
        <entry key="86" type="xstring" value="SAT_City 1"/>
        <entry key="87" type="xstring" value="SAN_City 1"/>
        <entry key="88" type="xstring" value="SFO_City 1"/>
        <entry key="89" type="xstring" value="SJC_City 1"/>
        <entry key="90" type="xstring" value="SNA_City 1"/>
        <entry key="91" type="xstring" value="SEA_City 1"/>
        <entry key="92" type="xstring" value="SYR_City 1"/>
        <entry key="93" type="xstring" value="TLH_City 1"/>
        <entry key="94" type="xstring" value="TPA_City 1"/>
        <entry key="95" type="xstring" value="IAD_City 1"/>
        <entry key="96" type="xstring" value="ATL_City 2"/>
        <entry key="97" type="xstring" value="MCO_City 2"/>
        <entry key="98" type="xstring" value="BWI_City 2"/>
        <entry key="99" type="xstring" value="ORD_City 2"/>
        <entry key="100" type="xstring" value="FLL_City 2"/>
        <entry key="101" type="xstring" value="LAS_City 2"/>
        <entry key="102" type="xstring" value="LAX_City 2"/>
        <entry key="103" type="xstring" value="TPA_City 2"/>
        <entry key="104" type="xstring" value="DFW_City 2"/>
        <entry key="105" type="xstring" value="DEN_City 2"/>
        <entry key="106" type="xstring" value="IAH_City 2"/>
        <entry key="107" type="xstring" value="MSP_City 2"/>
        <entry key="108" type="xstring" value="LGA_City 2"/>
        <entry key="109" type="xstring" value="OAK_City 2"/>
        <entry key="110" type="xstring" value="PHX_City 2"/>
        <entry key="111" type="xstring" value="PDX_City 2"/>
        <entry key="112" type="xstring" value="SAN_City 2"/>
        <entry key="113" type="xstring" value="SEA_City 2"/>
        <entry key="114" type="xstring" value="TUS_City 2"/>
        <entry key="115" type="xstring" value="IAD_City 2"/>
        <entry key="116" type="xstring" value="AUS_City 2"/>
        <entry key="117" type="xstring" value="BOS_City 2"/>
        <entry key="118" type="xstring" value="BUF_City 2"/>
        <entry key="119" type="xstring" value="CLT_City 2"/>
        <entry key="120" type="xstring" value="CVG_City 2"/>
        <entry key="121" type="xstring" value="CLE_City 2"/>
        <entry key="122" type="xstring" value="CMH_City 2"/>
        <entry key="123" type="xstring" value="DAY_City 2"/>
        <entry key="124" type="xstring" value="DTW_City 2"/>
        <entry key="125" type="xstring" value="FNT_City 2"/>
        <entry key="126" type="xstring" value="RSW_City 2"/>
        <entry key="127" type="xstring" value="GSO_City 2"/>
        <entry key="128" type="xstring" value="GPT_City 2"/>
        <entry key="129" type="xstring" value="BDL_City 2"/>
        <entry key="130" type="xstring" value="IND_City 2"/>
        <entry key="131" type="xstring" value="JAX_City 2"/>
        <entry key="132" type="xstring" value="MCI_City 2"/>
        <entry key="133" type="xstring" value="SDF_City 2"/>
        <entry key="134" type="xstring" value="MEM_City 2"/>
        <entry key="135" type="xstring" value="MIA_City 2"/>
        <entry key="136" type="xstring" value="MKE_City 2"/>
        <entry key="137" type="xstring" value="BNA_City 2"/>
        <entry key="138" type="xstring" value="MSY_City 2"/>
        <entry key="139" type="xstring" value="PHF_City 2"/>
        <entry key="140" type="xstring" value="ORF_City 2"/>
        <entry key="141" type="xstring" value="OKC_City 2"/>
        <entry key="142" type="xstring" value="OMA_City 2"/>
        <entry key="143" type="xstring" value="ONT_City 2"/>
        <entry key="144" type="xstring" value="PNS_City 2"/>
        <entry key="145" type="xstring" value="PHL_City 2"/>
        <entry key="146" type="xstring" value="PIT_City 2"/>
        <entry key="147" type="xstring" value="PVD_City 2"/>
        <entry key="148" type="xstring" value="RDU_City 2"/>
        <entry key="149" type="xstring" value="RIC_City 2"/>
        <entry key="150" type="xstring" value="ROC_City 2"/>
        <entry key="151" type="xstring" value="SMF_City 2"/>
        <entry key="152" type="xstring" value="STL_City 2"/>
        <entry key="153" type="xstring" value="SLC_City 2"/>
        <entry key="154" type="xstring" value="SAT_City 2"/>
        <entry key="155" type="xstring" value="SFO_City 2"/>
        <entry key="156" type="xstring" value="SJC_City 2"/>
        <entry key="157" type="xstring" value="SNA_City 2"/>
        <entry key="158" type="xstring" value="SAV_City 2"/>
        <entry key="159" type="xstring" value="TLH_City 2"/>
        <entry key="160" type="xstring" value="PBI_City 2"/>
        <entry key="161" type="xstring" value="ICT_City 2"/>
        <entry key="162" type="xstring" value="ELP_City 2"/>
        <entry key="163" type="xstring" value="LBB_City 2"/>
        <entry key="164" type="xstring" value="BHM_City 2"/>
        <entry key="165" type="xstring" value="ISP_City 2"/>
        <entry key="166" type="xstring" value="MHT_City 2"/>
        <entry key="167" type="xstring" value="GEG_City 2"/>
        <entry key="168" type="xstring" value="RNO_City 2"/>
        <entry key="169" type="xstring" value="DSM_City 2"/>
        <entry key="170" type="xstring" value="MDT_City 2"/>
        <entry key="171" type="xstring" value="JAN_City 2"/>
        <entry key="172" type="xstring" value="LIT_City 2"/>
        <entry key="173" type="xstring" value="SRQ_City 2"/>
        <entry key="174" type="xstring" value="SYR_City 2"/>
        <entry key="175" type="xstring" value="TUL_City 2"/>
        <entry key="176" type="xstring" value="HPN_City 2"/>
        <entry key="177" type="xstring" value="HRL_City 2"/>
        <entry key="178" type="xstring" value="LGB_City 2"/>
        <entry key="179" type="xstring" value="MAF_City 2"/>
        <entry key="180" type="xstring" value="PWM_City 2"/>
        <entry key="181" type="xstring" value="FL_Market Leader Airline"/>
        <entry key="182" type="xstring" value="DL_Market Leader Airline"/>
        <entry key="183" type="xstring" value="WN_Market Leader Airline"/>
        <entry key="184" type="xstring" value="UA_Market Leader Airline"/>
        <entry key="185" type="xstring" value="US_Market Leader Airline"/>
        <entry key="186" type="xstring" value="AA_Market Leader Airline"/>
        <entry key="187" type="xstring" value="NW_Market Leader Airline"/>
        <entry key="188" type="xstring" value="NK_Market Leader Airline"/>
        <entry key="189" type="xstring" value="CO_Market Leader Airline"/>
        <entry key="190" type="xstring" value="HP_Market Leader Airline"/>
        <entry key="191" type="xstring" value="AS_Market Leader Airline"/>
        <entry key="192" type="xstring" value="YX_Market Leader Airline"/>
        <entry key="193" type="xstring" value="B6_Market Leader Airline"/>
        <entry key="194" type="xstring" value="TZ_Market Leader Airline"/>
        <entry key="195" type="xstring" value="G4_Market Leader Airline"/>
        <entry key="196" type="xstring" value="F9_Market Leader Airline"/>
        <entry key="197" type="xstring" value="FL_Low Price Airline"/>
        <entry key="198" type="xstring" value="DL_Low Price Airline"/>
        <entry key="199" type="xstring" value="CO_Low Price Airline"/>
        <entry key="200" type="xstring" value="WN_Low Price Airline"/>
        <entry key="201" type="xstring" value="US_Low Price Airline"/>
        <entry key="202" type="xstring" value="AA_Low Price Airline"/>
        <entry key="203" type="xstring" value="F9_Low Price Airline"/>
        <entry key="204" type="xstring" value="HP_Low Price Airline"/>
        <entry key="205" type="xstring" value="NW_Low Price Airline"/>
        <entry key="206" type="xstring" value="AX_Low Price Airline"/>
        <entry key="207" type="xstring" value="UA_Low Price Airline"/>
        <entry key="208" type="xstring" value="NK_Low Price Airline"/>
        <entry key="209" type="xstring" value="TZ_Low Price Airline"/>
        <entry key="210" type="xstring" value="AS_Low Price Airline"/>
        <entry key="211" type="xstring" value="B6_Low Price Airline"/>
        <entry key="212" type="xstring" value="AQ_Low Price Airline"/>
        <entry key="213" type="xstring" value="G4_Low Price Airline"/>
        <entry key="214" type="xstring" value="YX_Low Price Airline"/>
        <entry key="215" type="xstring" value="SY_Low Price Airline"/>
    </config>
    <config key="target">
        <entry key="array-size" type="xint" value="1"/>
        <entry key="0" type="xstring" value="Average Fare"/>
    </config>
</config>
