<?xml version="1.0" encoding="UTF-8"?>
<config xmlns="http://www.knime.org/2008/09/XMLConfig" xmlns:xsi="http://www.w3.org/2001/XMLSchema-instance" xsi:schemaLocation="http://www.knime.org/2008/09/XMLConfig http://www.knime.org/XMLConfig_2008_09.xsd" key="model.xml">
    <entry key="version" type="xint" value="1"/>
    <entry key="class_name" type="xstring" value="org.knime.ext.textprocessing.data.DocumentVectorPortObjectSpec"/>
    <config key="model">
        <entry key="ignoreTags" type="xboolean" value="true"/>
        <entry key="bitVector" type="xboolean" value="true"/>
        <entry key="vectorValue" type="xstring" value="TF rel"/>
        <entry key="asCollectionCell" type="xboolean" value="false"/>
        <config key="featureSpaceColumns">
            <entry key="array-size" type="xint" value="31"/>
            <entry key="0" type="xstring" value="american"/>
            <entry key="1" type="xstring" value="trump"/>
            <entry key="2" type="xstring" value="clinton"/>
            <entry key="3" type="xstring" value="report"/>
            <entry key="4" type="xstring" value="women"/>
            <entry key="5" type="xstring" value="senat"/>
            <entry key="6" type="xstring" value="woman"/>
            <entry key="7" type="xstring" value="time"/>
            <entry key="8" type="xstring" value="nation"/>
            <entry key="9" type="xstring" value="parent"/>
            <entry key="10" type="xstring" value="dai"/>
            <entry key="11" type="xstring" value="life"/>
            <entry key="12" type="xstring" value="famili"/>
            <entry key="13" type="xstring" value="mom"/>
            <entry key="14" type="xstring" value="obama"/>
            <entry key="15" type="xstring" value="watch"/>
            <entry key="16" type="xstring" value="peopl"/>
            <entry key="17" type="xstring" value="kill"/>
            <entry key="18" type="xstring" value="school"/>
            <entry key="19" type="xstring" value="hous"/>
            <entry key="20" type="xstring" value="death"/>
            <entry key="21" type="xstring" value="gop"/>
            <entry key="22" type="xstring" value="call"/>
            <entry key="23" type="xstring" value="live"/>
            <entry key="24" type="xstring" value="donald"/>
            <entry key="25" type="xstring" value="white"/>
            <entry key="26" type="xstring" value="student"/>
            <entry key="27" type="xstring" value="look"/>
            <entry key="28" type="xstring" value="world"/>
            <entry key="29" type="xstring" value="gun"/>
            <entry key="30" type="xstring" value="plan"/>
        </config>
    </config>
</config>
