<?xml version="1.0" encoding="UTF-8"?>
<config xmlns="http://www.knime.org/2008/09/XMLConfig" xmlns:xsi="http://www.w3.org/2001/XMLSchema-instance" xsi:schemaLocation="http://www.knime.org/2008/09/XMLConfig http://www.knime.org/XMLConfig_2008_09.xsd" key="model.xml">
    <entry key="version" type="xint" value="1"/>
    <entry key="class_name" type="xstring" value="org.knime.base.data.normalize.NormalizerPortObject"/>
    <config key="model">
        <config key="columns">
            <config key="CreditScore">
                <entry key="column_name" type="xstring" value="CreditScore"/>
                <entry key="column_scale" type="xdouble" value="0.012286185776558774"/>
                <entry key="column_translate" type="xdouble" value="-7.952747034441099"/>
                <entry key="column_min" type="xdouble" value="NaN"/>
                <entry key="column_max" type="xdouble" value="NaN"/>
            </config>
            <config key="Age">
                <entry key="column_name" type="xstring" value="Age"/>
                <entry key="column_scale" type="xdouble" value="0.11241142683412057"/>
                <entry key="column_translate" type="xdouble" value="-4.397993367906752"/>
                <entry key="column_min" type="xdouble" value="NaN"/>
                <entry key="column_max" type="xdouble" value="NaN"/>
            </config>
            <config key="Tenure">
                <entry key="column_name" type="xstring" value="Tenure"/>
                <entry key="column_scale" type="xdouble" value="0.3910305026202173"/>
                <entry key="column_translate" type="xdouble" value="-1.8450446441418644"/>
                <entry key="column_min" type="xdouble" value="NaN"/>
                <entry key="column_max" type="xdouble" value="NaN"/>
            </config>
            <config key="Balance">
                <entry key="column_name" type="xstring" value="Balance"/>
                <entry key="column_scale" type="xdouble" value="1.682004502284029E-5"/>
                <entry key="column_translate" type="xdouble" value="-1.2724087052614477"/>
                <entry key="column_min" type="xdouble" value="NaN"/>
                <entry key="column_max" type="xdouble" value="NaN"/>
            </config>
            <config key="EstimatedSalary">
                <entry key="column_name" type="xstring" value="EstimatedSalary"/>
                <entry key="column_scale" type="xdouble" value="1.8368840394485584E-5"/>
                <entry key="column_translate" type="xdouble" value="-1.8561500228511645"/>
                <entry key="column_min" type="xdouble" value="NaN"/>
                <entry key="column_max" type="xdouble" value="NaN"/>
            </config>
            <config key="France_Geography">
                <entry key="column_name" type="xstring" value="France_Geography"/>
                <entry key="column_scale" type="xdouble" value="2.000004750165367"/>
                <entry key="column_translate" type="xdouble" value="-1.0060023893331822"/>
                <entry key="column_min" type="xdouble" value="NaN"/>
                <entry key="column_max" type="xdouble" value="NaN"/>
            </config>
            <config key="Spain_Geography">
                <entry key="column_name" type="xstring" value="Spain_Geography"/>
                <entry key="column_scale" type="xdouble" value="2.32078969493907"/>
                <entry key="column_translate" type="xdouble" value="-0.5717120364126469"/>
                <entry key="column_min" type="xdouble" value="NaN"/>
                <entry key="column_max" type="xdouble" value="NaN"/>
            </config>
            <config key="Female_Gender">
                <entry key="column_name" type="xstring" value="Female_Gender"/>
                <entry key="column_scale" type="xdouble" value="2.0084402033204927"/>
                <entry key="column_translate" type="xdouble" value="-0.9120829073329115"/>
                <entry key="column_min" type="xdouble" value="NaN"/>
                <entry key="column_max" type="xdouble" value="NaN"/>
            </config>
            <config key="1_NumOfProducts">
                <entry key="column_name" type="xstring" value="1_NumOfProducts"/>
                <entry key="column_scale" type="xdouble" value="2.0003041765380507"/>
                <entry key="column_translate" type="xdouble" value="-1.0184673733854483"/>
                <entry key="column_min" type="xdouble" value="NaN"/>
                <entry key="column_max" type="xdouble" value="NaN"/>
            </config>
            <config key="3_NumOfProducts">
                <entry key="column_name" type="xstring" value="3_NumOfProducts"/>
                <entry key="column_scale" type="xdouble" value="6.229476468560965"/>
                <entry key="column_translate" type="xdouble" value="-0.16488645527722293"/>
                <entry key="column_min" type="xdouble" value="NaN"/>
                <entry key="column_max" type="xdouble" value="NaN"/>
            </config>
            <config key="2_NumOfProducts">
                <entry key="column_name" type="xstring" value="2_NumOfProducts"/>
                <entry key="column_scale" type="xdouble" value="2.0069775625792126"/>
                <entry key="column_translate" type="xdouble" value="-0.919697468051928"/>
                <entry key="column_min" type="xdouble" value="NaN"/>
                <entry key="column_max" type="xdouble" value="NaN"/>
            </config>
            <config key="1_HasCrCard">
                <entry key="column_name" type="xstring" value="1_HasCrCard"/>
                <entry key="column_scale" type="xdouble" value="2.1940967400852673"/>
                <entry key="column_translate" type="xdouble" value="-1.5482095122226798"/>
                <entry key="column_min" type="xdouble" value="NaN"/>
                <entry key="column_max" type="xdouble" value="NaN"/>
            </config>
            <config key="1_IsActiveMember">
                <entry key="column_name" type="xstring" value="1_IsActiveMember"/>
                <entry key="column_scale" type="xdouble" value="2.0008066418395654"/>
                <entry key="column_translate" type="xdouble" value="-1.0293524920188928"/>
                <entry key="column_min" type="xdouble" value="NaN"/>
                <entry key="column_max" type="xdouble" value="NaN"/>
            </config>
        </config>
        <entry key="summary" type="xstring" value="Z-Score (Gaussian) normalization on 13 column(s)"/>
    </config>
</config>
