<?xml version="1.0" encoding="UTF-8"?>
<config xmlns="http://www.knime.org/2008/09/XMLConfig" xmlns:xsi="http://www.w3.org/2001/XMLSchema-instance" xsi:schemaLocation="http://www.knime.org/2008/09/XMLConfig http://www.knime.org/XMLConfig_2008_09.xsd" key="model.xml">
    <entry key="version" type="xint" value="1"/>
    <entry key="class_name" type="xstring" value="org.knime.base.data.normalize.NormalizerPortObject"/>
    <config key="model">
        <config key="columns">
            <config key="CreditScore">
                <entry key="column_name" type="xstring" value="CreditScore"/>
                <entry key="column_scale" type="xdouble" value="0.01036842159949801"/>
                <entry key="column_translate" type="xdouble" value="-6.742706395107344"/>
                <entry key="column_min" type="xdouble" value="NaN"/>
                <entry key="column_max" type="xdouble" value="NaN"/>
            </config>
            <config key="Age">
                <entry key="column_name" type="xstring" value="Age"/>
                <entry key="column_scale" type="xdouble" value="0.09576716695862386"/>
                <entry key="column_translate" type="xdouble" value="-3.7329323426719405"/>
                <entry key="column_min" type="xdouble" value="NaN"/>
                <entry key="column_max" type="xdouble" value="NaN"/>
            </config>
            <config key="Tenure">
                <entry key="column_name" type="xstring" value="Tenure"/>
                <entry key="column_scale" type="xdouble" value="0.34496669281184106"/>
                <entry key="column_translate" type="xdouble" value="-1.7297923602683656"/>
                <entry key="column_min" type="xdouble" value="NaN"/>
                <entry key="column_max" type="xdouble" value="NaN"/>
            </config>
            <config key="Balance">
                <entry key="column_name" type="xstring" value="Balance"/>
                <entry key="column_scale" type="xdouble" value="1.6051939688954527E-5"/>
                <entry key="column_translate" type="xdouble" value="-1.227175119492148"/>
                <entry key="column_min" type="xdouble" value="NaN"/>
                <entry key="column_max" type="xdouble" value="NaN"/>
            </config>
            <config key="EstimatedSalary">
                <entry key="column_name" type="xstring" value="EstimatedSalary"/>
                <entry key="column_scale" type="xdouble" value="1.7425266680933016E-5"/>
                <entry key="column_translate" type="xdouble" value="-1.7433531273420642"/>
                <entry key="column_min" type="xdouble" value="NaN"/>
                <entry key="column_max" type="xdouble" value="NaN"/>
            </config>
            <config key="France_Geography">
                <entry key="column_name" type="xstring" value="France_Geography"/>
                <entry key="column_scale" type="xdouble" value="1.9999239948316216"/>
                <entry key="column_translate" type="xdouble" value="-1.006961731397721"/>
                <entry key="column_min" type="xdouble" value="NaN"/>
                <entry key="column_max" type="xdouble" value="NaN"/>
            </config>
            <config key="Spain_Geography">
                <entry key="column_name" type="xstring" value="Spain_Geography"/>
                <entry key="column_scale" type="xdouble" value="2.3233652242063667"/>
                <entry key="column_translate" type="xdouble" value="-0.5703861625426616"/>
                <entry key="column_min" type="xdouble" value="NaN"/>
                <entry key="column_max" type="xdouble" value="NaN"/>
            </config>
            <config key="Female_Gender">
                <entry key="column_name" type="xstring" value="Female_Gender"/>
                <entry key="column_scale" type="xdouble" value="2.0077979010779505"/>
                <entry key="column_translate" type="xdouble" value="-0.9148029186786422"/>
                <entry key="column_min" type="xdouble" value="NaN"/>
                <entry key="column_max" type="xdouble" value="NaN"/>
            </config>
            <config key="1_NumOfProducts">
                <entry key="column_name" type="xstring" value="1_NumOfProducts"/>
                <entry key="column_scale" type="xdouble" value="2.0003373775100113"/>
                <entry key="column_translate" type="xdouble" value="-1.0216723155632381"/>
                <entry key="column_min" type="xdouble" value="NaN"/>
                <entry key="column_max" type="xdouble" value="NaN"/>
            </config>
            <config key="3_NumOfProducts">
                <entry key="column_name" type="xstring" value="3_NumOfProducts"/>
                <entry key="column_scale" type="xdouble" value="6.155445064869474"/>
                <entry key="column_translate" type="xdouble" value="-0.16696644738458485"/>
                <entry key="column_min" type="xdouble" value="NaN"/>
                <entry key="column_max" type="xdouble" value="NaN"/>
            </config>
            <config key="2_NumOfProducts">
                <entry key="column_name" type="xstring" value="2_NumOfProducts"/>
                <entry key="column_scale" type="xdouble" value="2.0075308209624767"/>
                <entry key="column_translate" type="xdouble" value="-0.9161868784167507"/>
                <entry key="column_min" type="xdouble" value="NaN"/>
                <entry key="column_max" type="xdouble" value="NaN"/>
            </config>
            <config key="1_HasCrCard">
                <entry key="column_name" type="xstring" value="1_HasCrCard"/>
                <entry key="column_scale" type="xdouble" value="2.1986477513421607"/>
                <entry key="column_translate" type="xdouble" value="-1.556092946012416"/>
                <entry key="column_min" type="xdouble" value="NaN"/>
                <entry key="column_max" type="xdouble" value="NaN"/>
            </config>
            <config key="1_IsActiveMember">
                <entry key="column_name" type="xstring" value="1_IsActiveMember"/>
                <entry key="column_scale" type="xdouble" value="2.00035914159447"/>
                <entry key="column_translate" type="xdouble" value="-1.022183521354774"/>
                <entry key="column_min" type="xdouble" value="NaN"/>
                <entry key="column_max" type="xdouble" value="NaN"/>
            </config>
        </config>
        <entry key="summary" type="xstring" value="Z-Score (Gaussian) normalization on 13 column(s)"/>
    </config>
</config>
