<?xml version="1.0" encoding="UTF-8"?>
<config xmlns="http://www.knime.org/2008/09/XMLConfig" xmlns:xsi="http://www.w3.org/2001/XMLSchema-instance" xsi:schemaLocation="http://www.knime.org/2008/09/XMLConfig http://www.knime.org/XMLConfig_2008_09.xsd" key="MiningSchema">
    <config key="learning">
        <entry key="array-size" type="xint" value="140"/>
        <entry key="0" type="xstring" value="arrival_date_year"/>
        <entry key="1" type="xstring" value="arrival_date_day_of_month"/>
        <entry key="2" type="xstring" value="stays_in_weekend_nights"/>
        <entry key="3" type="xstring" value="stays_in_week_nights"/>
        <entry key="4" type="xstring" value="adults"/>
        <entry key="5" type="xstring" value="children"/>
        <entry key="6" type="xstring" value="babies"/>
        <entry key="7" type="xstring" value="is_repeated_guest"/>
        <entry key="8" type="xstring" value="previous_cancellations"/>
        <entry key="9" type="xstring" value="previous_bookings_not_canceled"/>
        <entry key="10" type="xstring" value="days_in_waiting_list"/>
        <entry key="11" type="xstring" value="required_car_parking_spaces"/>
        <entry key="12" type="xstring" value="City Hotel_hotel"/>
        <entry key="13" type="xstring" value="Resort Hotel_hotel"/>
        <entry key="14" type="xstring" value="May_arrival_date_month"/>
        <entry key="15" type="xstring" value="April_arrival_date_month"/>
        <entry key="16" type="xstring" value="June_arrival_date_month"/>
        <entry key="17" type="xstring" value="August_arrival_date_month"/>
        <entry key="18" type="xstring" value="December_arrival_date_month"/>
        <entry key="19" type="xstring" value="October_arrival_date_month"/>
        <entry key="20" type="xstring" value="September_arrival_date_month"/>
        <entry key="21" type="xstring" value="February_arrival_date_month"/>
        <entry key="22" type="xstring" value="July_arrival_date_month"/>
        <entry key="23" type="xstring" value="March_arrival_date_month"/>
        <entry key="24" type="xstring" value="January_arrival_date_month"/>
        <entry key="25" type="xstring" value="November_arrival_date_month"/>
        <entry key="26" type="xstring" value="BB_meal"/>
        <entry key="27" type="xstring" value="SC_meal"/>
        <entry key="28" type="xstring" value="HB_meal"/>
        <entry key="29" type="xstring" value="FB_meal"/>
        <entry key="30" type="xstring" value="Undefined_meal"/>
        <entry key="31" type="xstring" value="PRT_country"/>
        <entry key="32" type="xstring" value="GBR_country"/>
        <entry key="33" type="xstring" value="ESP_country"/>
        <entry key="34" type="xstring" value="FRA_country"/>
        <entry key="35" type="xstring" value="ITA_country"/>
        <entry key="36" type="xstring" value="DEU_country"/>
        <entry key="37" type="xstring" value="ISR_country"/>
        <entry key="38" type="xstring" value="IND_country"/>
        <entry key="39" type="xstring" value="AUT_country"/>
        <entry key="40" type="xstring" value="NLD_country"/>
        <entry key="41" type="xstring" value="DNK_country"/>
        <entry key="42" type="xstring" value="BRA_country"/>
        <entry key="43" type="xstring" value="CHN_country"/>
        <entry key="44" type="xstring" value="BEL_country"/>
        <entry key="45" type="xstring" value="IRL_country"/>
        <entry key="46" type="xstring" value="NOR_country"/>
        <entry key="47" type="xstring" value="CN_country"/>
        <entry key="48" type="xstring" value="SVK_country"/>
        <entry key="49" type="xstring" value="POL_country"/>
        <entry key="50" type="xstring" value="CHE_country"/>
        <entry key="51" type="xstring" value="AGO_country"/>
        <entry key="52" type="xstring" value="KOR_country"/>
        <entry key="53" type="xstring" value="ARG_country"/>
        <entry key="54" type="xstring" value="SWE_country"/>
        <entry key="55" type="xstring" value="FIN_country"/>
        <entry key="56" type="xstring" value="USA_country"/>
        <entry key="57" type="xstring" value="RUS_country"/>
        <entry key="58" type="xstring" value="AUS_country"/>
        <entry key="59" type="xstring" value="GRC_country"/>
        <entry key="60" type="xstring" value="ROU_country"/>
        <entry key="61" type="xstring" value="LVA_country"/>
        <entry key="62" type="xstring" value="MAR_country"/>
        <entry key="63" type="xstring" value="HUN_country"/>
        <entry key="64" type="xstring" value="NZL_country"/>
        <entry key="65" type="xstring" value="CMR_country"/>
        <entry key="66" type="xstring" value="ECU_country"/>
        <entry key="67" type="xstring" value="ZAF_country"/>
        <entry key="68" type="xstring" value="TWN_country"/>
        <entry key="69" type="xstring" value="TJK_country"/>
        <entry key="70" type="xstring" value="EST_country"/>
        <entry key="71" type="xstring" value="SRB_country"/>
        <entry key="72" type="xstring" value="SVN_country"/>
        <entry key="73" type="xstring" value="TUN_country"/>
        <entry key="74" type="xstring" value="IRN_country"/>
        <entry key="75" type="xstring" value="NGA_country"/>
        <entry key="76" type="xstring" value="LUX_country"/>
        <entry key="77" type="xstring" value="TUR_country"/>
        <entry key="78" type="xstring" value="IDN_country"/>
        <entry key="79" type="xstring" value="LTU_country"/>
        <entry key="80" type="xstring" value="CHL_country"/>
        <entry key="81" type="xstring" value="EGY_country"/>
        <entry key="82" type="xstring" value="MOZ_country"/>
        <entry key="83" type="xstring" value="CZE_country"/>
        <entry key="84" type="xstring" value="DZA_country"/>
        <entry key="85" type="xstring" value="MAC_country"/>
        <entry key="86" type="xstring" value="HRV_country"/>
        <entry key="87" type="xstring" value="MDV_country"/>
        <entry key="88" type="xstring" value="THA_country"/>
        <entry key="89" type="xstring" value="CYP_country"/>
        <entry key="90" type="xstring" value="AZE_country"/>
        <entry key="91" type="xstring" value="MUS_country"/>
        <entry key="92" type="xstring" value="KWT_country"/>
        <entry key="93" type="xstring" value="LBN_country"/>
        <entry key="94" type="xstring" value="JPN_country"/>
        <entry key="95" type="xstring" value="MYS_country"/>
        <entry key="96" type="xstring" value="MLT_country"/>
        <entry key="97" type="xstring" value="UKR_country"/>
        <entry key="98" type="xstring" value="PAN_country"/>
        <entry key="99" type="xstring" value="MEX_country"/>
        <entry key="100" type="xstring" value="PER_country"/>
        <entry key="101" type="xstring" value="QAT_country"/>
        <entry key="102" type="xstring" value="BGR_country"/>
        <entry key="103" type="xstring" value="BIH_country"/>
        <entry key="104" type="xstring" value="ALB_country"/>
        <entry key="105" type="xstring" value="NPL_country"/>
        <entry key="106" type="xstring" value="GGY_country"/>
        <entry key="107" type="xstring" value="MNE_country"/>
        <entry key="108" type="xstring" value="LBY_country"/>
        <entry key="109" type="xstring" value="SUR_country"/>
        <entry key="110" type="xstring" value="BLR_country"/>
        <entry key="111" type="xstring" value="TA/TO_distribution_channel"/>
        <entry key="112" type="xstring" value="Direct_distribution_channel"/>
        <entry key="113" type="xstring" value="Corporate_distribution_channel"/>
        <entry key="114" type="xstring" value="GDS_distribution_channel"/>
        <entry key="115" type="xstring" value="A_reserved_room_type"/>
        <entry key="116" type="xstring" value="G_reserved_room_type"/>
        <entry key="117" type="xstring" value="D_reserved_room_type"/>
        <entry key="118" type="xstring" value="B_reserved_room_type"/>
        <entry key="119" type="xstring" value="E_reserved_room_type"/>
        <entry key="120" type="xstring" value="F_reserved_room_type"/>
        <entry key="121" type="xstring" value="H_reserved_room_type"/>
        <entry key="122" type="xstring" value="C_reserved_room_type"/>
        <entry key="123" type="xstring" value="A_assigned_room_type"/>
        <entry key="124" type="xstring" value="G_assigned_room_type"/>
        <entry key="125" type="xstring" value="D_assigned_room_type"/>
        <entry key="126" type="xstring" value="B_assigned_room_type"/>
        <entry key="127" type="xstring" value="E_assigned_room_type"/>
        <entry key="128" type="xstring" value="F_assigned_room_type"/>
        <entry key="129" type="xstring" value="H_assigned_room_type"/>
        <entry key="130" type="xstring" value="K_assigned_room_type"/>
        <entry key="131" type="xstring" value="C_assigned_room_type"/>
        <entry key="132" type="xstring" value="I_assigned_room_type"/>
        <entry key="133" type="xstring" value="No Deposit_deposit_type"/>
        <entry key="134" type="xstring" value="Non Refund_deposit_type"/>
        <entry key="135" type="xstring" value="Refundable_deposit_type"/>
        <entry key="136" type="xstring" value="Transient-Party_customer_type"/>
        <entry key="137" type="xstring" value="Transient_customer_type"/>
        <entry key="138" type="xstring" value="Contract_customer_type"/>
        <entry key="139" type="xstring" value="Group_customer_type"/>
    </config>
    <config key="target">
        <entry key="array-size" type="xint" value="1"/>
        <entry key="0" type="xstring" value="is_canceled"/>
    </config>
</config>
