<?xml version="1.0" encoding="UTF-8"?>
<config xmlns="http://www.knime.org/2008/09/XMLConfig" xmlns:xsi="http://www.w3.org/2001/XMLSchema-instance" xsi:schemaLocation="http://www.knime.org/2008/09/XMLConfig http://www.knime.org/XMLConfig_2008_09.xsd" key="model.xml">
    <entry key="version" type="xint" value="1"/>
    <entry key="class_name" type="xstring" value="org.knime.base.data.normalize.NormalizerPortObject"/>
    <config key="model">
        <config key="columns">
            <config key="Avg_Mthly_Spend">
                <entry key="column_name" type="xstring" value="Avg_Mthly_Spend"/>
                <entry key="column_scale" type="xdouble" value="3.4751236526500245E-4"/>
                <entry key="column_translate" type="xdouble" value="-1.685434971535262"/>
                <entry key="column_min" type="xdouble" value="NaN"/>
                <entry key="column_max" type="xdouble" value="NaN"/>
            </config>
            <config key="No_Of_Visits">
                <entry key="column_name" type="xstring" value="No_Of_Visits"/>
                <entry key="column_scale" type="xdouble" value="0.5883484054145521"/>
                <entry key="column_translate" type="xdouble" value="-2.353393621658208"/>
                <entry key="column_min" type="xdouble" value="NaN"/>
                <entry key="column_max" type="xdouble" value="NaN"/>
            </config>
            <config key="Apparel_Items">
                <entry key="column_name" type="xstring" value="Apparel_Items"/>
                <entry key="column_scale" type="xdouble" value="2.0701966780270626"/>
                <entry key="column_translate" type="xdouble" value="-0.6210590034081188"/>
                <entry key="column_min" type="xdouble" value="NaN"/>
                <entry key="column_max" type="xdouble" value="NaN"/>
            </config>
            <config key="FnV_Items">
                <entry key="column_name" type="xstring" value="FnV_Items"/>
                <entry key="column_scale" type="xdouble" value="0.2131468981756906"/>
                <entry key="column_translate" type="xdouble" value="-0.9165316621554698"/>
                <entry key="column_min" type="xdouble" value="NaN"/>
                <entry key="column_max" type="xdouble" value="NaN"/>
            </config>
            <config key="Staples_Items">
                <entry key="column_name" type="xstring" value="Staples_Items"/>
                <entry key="column_scale" type="xdouble" value="0.32732683535398854"/>
                <entry key="column_translate" type="xdouble" value="-1.3093073414159542"/>
                <entry key="column_min" type="xdouble" value="NaN"/>
                <entry key="column_max" type="xdouble" value="NaN"/>
            </config>
        </config>
        <entry key="summary" type="xstring" value="Z-Score (Gaussian) normalization on 5 column(s)"/>
    </config>
</config>
